,id,year,brand,model,description,price,odometer,bodytype,cylinder,volume,turbo,fueltype,hybrid,electric,state,url
0,OAG-AD-21009111,2017,alfa romeo,giulietta,super auto,31900,21547.0,hatch,4,1.4,True,petrol,False,False,SA,/cars/details/2017-alfa-romeo-giulietta-super-auto/OAG-AD-21009111/?Cr=0
1,OAG-AD-20997418,2018,alfa romeo,giulia,veloce auto,57990,19120.0,sedan,4,2.0,True,petrol,False,False,VIC,/cars/details/2018-alfa-romeo-giulia-veloce-auto/OAG-AD-20997418/?Cr=1
2,OAG-AD-20505031,2021,alfa romeo,stelvio,quadrifoglio auto awd my21,176388,2021.0,suv,6,2.9,True,petrol,False,False,NSW,/cars/details/2021-alfa-romeo-stelvio-quadrifoglio-auto-awd-my21/OAG-AD-20505031/?Cr=2
3,OAG-AD-20409644,1966,alfa romeo,giulia,super manual,89899,8325.0,sedan,4,1600.0,False,petrol,False,False,SA,/cars/details/1966-alfa-romeo-giulia-super-manual/OAG-AD-20409644/?Cr=3
4,OAG-AD-20853662,2015,alfa romeo,giulietta,distinctive auto,18999,51565.0,hatch,4,1.4,True,petrol,False,False,WA,/cars/details/2015-alfa-romeo-giulietta-distinctive-auto/OAG-AD-20853662/?Cr=4
5,SSE-AD-12755084,1974,alfa romeo,2000,gt veloce manual,72500,87719.0,coupe,4,2000.0,False,petrol,False,False,QLD,/cars/details/1974-alfa-romeo-2000-gt-veloce-manual/SSE-AD-12755084/?Cr=5
6,OAG-AD-20603382,2016,alfa romeo,giulia,veloce auto,46990,72317.0,sedan,4,2.0,True,petrol,False,False,QLD,/cars/details/2016-alfa-romeo-giulia-veloce-auto/OAG-AD-20603382/?Cr=6
7,OAG-AD-20903449,2021,alfa romeo,giulia,sport auto my21,67274,2021.0,sedan,4,2.0,True,petrol,False,False,ACT,/cars/details/2021-alfa-romeo-giulia-sport-auto-my21/OAG-AD-20903449/?Cr=7
8,OAG-AD-20822804,2017,alfa romeo,giulia,quadrifoglio auto,105990,26352.0,sedan,6,2.9,True,petrol,False,False,NSW,/cars/details/2017-alfa-romeo-giulia-quadrifoglio-auto/OAG-AD-20822804/?Cr=8
9,OAG-AD-20955203,2022,alfa romeo,giulia,quadrifoglio auto my22,160351,2022.0,sedan,6,2.9,True,petrol,False,False,WA,/cars/details/2022-alfa-romeo-giulia-quadrifoglio-auto-my22/OAG-AD-20955203/?Cr=9
10,OAG-AD-20794100,2017,alfa romeo,giulietta,super auto,32290,50200.0,hatch,4,1.4,True,petrol,False,False,NSW,/cars/details/2017-alfa-romeo-giulietta-super-auto/OAG-AD-20794100/?Cr=12
11,OAG-AD-20813439,2021,alfa romeo,stelvio,sport auto awd my21,74760,2021.0,suv,4,2.0,True,petrol,False,False,VIC,/cars/details/2021-alfa-romeo-stelvio-sport-auto-awd-my21/OAG-AD-20813439/?Cr=13
12,SSE-AD-13076646,2015,alfa romeo,giulietta,distinctive auto,24500,32000.0,hatch,4,1.4,True,petrol,False,False,VIC,/cars/details/2015-alfa-romeo-giulietta-distinctive-auto/SSE-AD-13076646/?Cr=14
13,OAG-AD-20762221,2017,alfa romeo,giulia,quadrifoglio auto,107990,49203.0,sedan,6,2.9,True,petrol,False,False,VIC,/cars/details/2017-alfa-romeo-giulia-quadrifoglio-auto/OAG-AD-20762221/?Cr=15
14,OAG-AD-21000541,2022,alfa romeo,giulia,veloce auto my22,78900,2022.0,sedan,4,2.0,True,petrol,False,False,QLD,/cars/details/2022-alfa-romeo-giulia-veloce-auto-my22/OAG-AD-21000541/?Cr=16
15,OAG-AD-20822904,2013,alfa romeo,giulietta,distinctive jtd-m auto my13,14990,92396.0,hatch,4,2.0,True,diesel,False,False,NSW,/cars/details/2013-alfa-romeo-giulietta-distinctive-jtd-m-auto-my13/OAG-AD-20822904/?Cr=17
16,OAG-AD-21000495,2022,alfa romeo,giulia,veloce auto my22,80900,2022.0,sedan,4,2.0,True,petrol,False,False,VIC,/cars/details/2022-alfa-romeo-giulia-veloce-auto-my22/OAG-AD-21000495/?Cr=18
17,OAG-AD-21000590,2022,alfa romeo,stelvio,veloce auto awd my22,95700,2022.0,suv,4,2.0,True,petrol,False,False,NSW,/cars/details/2022-alfa-romeo-stelvio-veloce-auto-awd-my22/OAG-AD-21000590/?Cr=24
18,OAG-AD-20938344,2022,alfa romeo,stelvio,quadrifoglio auto awd my22,175888,2022.0,suv,6,2.9,True,petrol,False,False,NSW,/cars/details/2022-alfa-romeo-stelvio-quadrifoglio-auto-awd-my22/OAG-AD-20938344/?Cr=25
19,OAG-AD-21000672,2022,alfa romeo,stelvio,veloce auto awd my22,90900,2022.0,suv,4,2.0,True,petrol,False,False,VIC,/cars/details/2022-alfa-romeo-stelvio-veloce-auto-awd-my22/OAG-AD-21000672/?Cr=26
20,OAG-AD-20764332,2018,alfa romeo,4c,auto,119990,14765.0,coupe,4,1.7,True,petrol,False,False,NSW,/cars/details/2018-alfa-romeo-4c-auto/OAG-AD-20764332/?Cr=27
21,OAG-AD-21000569,2022,alfa romeo,stelvio,veloce auto awd my22,93900,2022.0,suv,4,2.0,True,petrol,False,False,VIC,/cars/details/2022-alfa-romeo-stelvio-veloce-auto-awd-my22/OAG-AD-21000569/?Cr=28
22,OAG-AD-19997457,2021,alfa romeo,stelvio,quadrifoglio auto awd my21,165584,2021.0,suv,6,2.9,True,petrol,False,False,QLD,/cars/details/2021-alfa-romeo-stelvio-quadrifoglio-auto-awd-my21/OAG-AD-19997457/?Cr=29
23,SSE-AD-13404782,2015,alfa romeo,giulietta,quadrifoglio verde auto,25900,64000.0,hatch,4,1.8,True,petrol,False,False,SA,/cars/details/2015-alfa-romeo-giulietta-quadrifoglio-verde-auto/SSE-AD-13404782/?Cr=36
24,OAG-AD-21004649,2008,alfa romeo,147,selespeed auto my05,12999,45037.0,hatch,4,2.0,False,petrol,False,False,QLD,/cars/details/2008-alfa-romeo-147-selespeed-auto-my05/OAG-AD-21004649/?Cr=37
25,OAG-AD-20796307,2019,alfa romeo,stelvio,auto awd,51888,63199.0,suv,4,2.2,True,diesel,False,False,VIC,/cars/details/2019-alfa-romeo-stelvio-auto-awd/OAG-AD-20796307/?Cr=38
26,OAG-AD-20931851,2022,alfa romeo,stelvio,veloce auto awd my22,94888,20.0,suv,4,2.0,True,petrol,False,False,NSW,/cars/details/2022-alfa-romeo-stelvio-veloce-auto-awd-my22/OAG-AD-20931851/?Cr=39
27,SSE-AD-12144911,2005,alfa romeo,147,gta monza auto,20800,162000.0,hatch,6,3.2,False,petrol,False,False,NSW,/cars/details/2005-alfa-romeo-147-gta-monza-auto/SSE-AD-12144911/?Cr=40
28,OAG-AD-20526005,2021,alfa romeo,stelvio,veloce auto awd my21,89990,2050.0,suv,4,2.0,True,petrol,False,False,VIC,/cars/details/2021-alfa-romeo-stelvio-veloce-auto-awd-my21/OAG-AD-20526005/?Cr=41
29,OAG-AD-20892705,2020,alfa romeo,giulia,sport auto my20,66370,2020.0,sedan,4,2.0,True,petrol,False,False,QLD,/cars/details/2020-alfa-romeo-giulia-sport-auto-my20/OAG-AD-20892705/?Cr=42
30,OAG-AD-20787590,2014,alfa romeo,giulietta,distinctive auto,11990,120001.0,hatch,4,1.4,True,petrol,False,False,VIC,/cars/details/2014-alfa-romeo-giulietta-distinctive-auto/OAG-AD-20787590/?Cr=43
31,OAG-AD-20694839,2019,alfa romeo,giulia,quadrifoglio auto my19,103800,47500.0,sedan,6,2.9,True,petrol,False,False,VIC,/cars/details/2019-alfa-romeo-giulia-quadrifoglio-auto-my19/OAG-AD-20694839/?Cr=44
32,OAG-AD-20814336,2018,alfa romeo,stelvio,auto awd,54888,38825.0,suv,4,2.0,True,petrol,False,False,VIC,/cars/details/2018-alfa-romeo-stelvio-auto-awd/OAG-AD-20814336/?Cr=45
33,OAG-AD-20948652,2022,alfa romeo,stelvio,veloce auto awd my22,97990,586.0,suv,4,2.0,True,petrol,False,False,VIC,/cars/details/2022-alfa-romeo-stelvio-veloce-auto-awd-my22/OAG-AD-20948652/?Cr=46
34,OAG-AD-20713341,2019,alfa romeo,stelvio,auto awd,53999,28740.0,suv,4,2.2,True,diesel,False,False,WA,/cars/details/2019-alfa-romeo-stelvio-auto-awd/OAG-AD-20713341/?Cr=48
35,OAG-AD-20927507,2018,alfa romeo,giulia,auto,39888,36585.0,sedan,4,2.0,True,petrol,False,False,VIC,/cars/details/2018-alfa-romeo-giulia-auto/OAG-AD-20927507/?Cr=49
36,OAG-AD-20990765,2018,alfa romeo,stelvio,ti auto awd,59800,41833.0,suv,4,2.0,True,petrol,False,False,QLD,/cars/details/2018-alfa-romeo-stelvio-ti-auto-awd/OAG-AD-20990765/?Cr=50
37,OAG-AD-20859472,1959,alfa romeo,giulietta,sprint manual,124995,28513.0,coupe,4,1.3,False,petrol,False,False,NSW,/cars/details/1959-alfa-romeo-giulietta-sprint-manual/OAG-AD-20859472/?Cr=51
38,SSE-AD-13181536,2011,alfa romeo,giulietta,qv manual,10700,126100.0,hatch,4,1.7,True,petrol,False,False,NSW,/cars/details/2011-alfa-romeo-giulietta-qv-manual/SSE-AD-13181536/?Cr=52
39,OAG-AD-20941523,2015,alfa romeo,giulietta,distinctive auto,24990,109413.0,hatch,4,1.4,True,petrol,False,False,QLD,/cars/details/2015-alfa-romeo-giulietta-distinctive-auto/OAG-AD-20941523/?Cr=53
40,OAG-AD-21000485,2022,alfa romeo,giulia,veloce auto my22,83900,2022.0,sedan,4,2.0,True,petrol,False,False,SA,/cars/details/2022-alfa-romeo-giulia-veloce-auto-my22/OAG-AD-21000485/?Cr=54
41,OAG-AD-20813401,2021,alfa romeo,giulia,sport auto my21,64950,2020.0,sedan,4,2.0,True,petrol,False,False,NSW,/cars/details/2021-alfa-romeo-giulia-sport-auto-my21/OAG-AD-20813401/?Cr=55
42,OAG-AD-20813234,2017,alfa romeo,stelvio,first edition auto awd,51900,60588.0,suv,4,2.0,True,petrol,False,False,WA,/cars/details/2017-alfa-romeo-stelvio-first-edition-auto-awd/OAG-AD-20813234/?Cr=56
43,SSE-AD-7320384,1965,alfa romeo,2600,sprint manual,135000,61883.0,coupe,6,2600.0,False,petrol,False,False,WA,/cars/details/1965-alfa-romeo-2600-sprint-manual/SSE-AD-7320384/?Cr=60
44,OAG-AD-20811573,2014,alfa romeo,giulietta,progression auto,19990,92247.0,hatch,4,1.4,True,petrol,False,False,VIC,/cars/details/2014-alfa-romeo-giulietta-progression-auto/OAG-AD-20811573/?Cr=61
45,OAG-AD-20986245,2019,alfa romeo,stelvio,quadrifoglio auto awd,117990,22500.0,suv,6,2.9,True,petrol,False,False,WA,/cars/details/2019-alfa-romeo-stelvio-quadrifoglio-auto-awd/OAG-AD-20986245/?Cr=62
46,OAG-AD-20935236,2022,alfa romeo,giulia,veloce auto my22,84855,2022.0,sedan,4,2.0,True,petrol,False,False,QLD,/cars/details/2022-alfa-romeo-giulia-veloce-auto-my22/OAG-AD-20935236/?Cr=63
47,OAG-AD-20866322,2010,alfa romeo,mito,manual,8650,112185.0,hatch,4,1.4,True,petrol,False,False,NSW,/cars/details/2010-alfa-romeo-mito-manual/OAG-AD-20866322/?Cr=64
48,OAG-AD-21000558,2022,alfa romeo,giulia,veloce auto my22,84900,2022.0,sedan,4,2.0,True,petrol,False,False,QLD,/cars/details/2022-alfa-romeo-giulia-veloce-auto-my22/OAG-AD-21000558/?Cr=65
49,OAG-AD-20876371,2021,alfa romeo,stelvio,veloce auto awd my21,82888,2975.0,suv,4,2.0,True,petrol,False,False,SA,/cars/details/2021-alfa-romeo-stelvio-veloce-auto-awd-my21/OAG-AD-20876371/?Cr=66
50,OAG-AD-21010441,2018,alfa romeo,stelvio,ti auto awd,60900,29727.0,suv,4,2.0,True,petrol,False,False,QLD,/cars/details/2018-alfa-romeo-stelvio-ti-auto-awd/OAG-AD-21010441/?Cr=67
51,SSE-AD-13394445,2006,alfa romeo,159,jtd manual,8500,196000.0,sedan,5,2.4,True,diesel,False,False,QLD,/cars/details/2006-alfa-romeo-159-jtd-manual/SSE-AD-13394445/?Cr=68
52,OAG-AD-20964666,2017,alfa romeo,giulia,super auto,38800,72300.0,sedan,4,2.0,True,petrol,False,False,NSW,/cars/details/2017-alfa-romeo-giulia-super-auto/OAG-AD-20964666/?Cr=69
53,OAG-AD-20233839,2021,alfa romeo,stelvio,veloce auto awd my21,77990,200.0,suv,4,2.0,True,petrol,False,False,QLD,/cars/details/2021-alfa-romeo-stelvio-veloce-auto-awd-my21/OAG-AD-20233839/?Cr=72
54,OAG-AD-20968927,2013,alfa romeo,giulietta,distinctive auto my12,17590,35030.0,hatch,4,1.4,True,petrol,False,False,QLD,/cars/details/2013-alfa-romeo-giulietta-distinctive-auto-my12/OAG-AD-20968927/?Cr=73
55,OAG-AD-20613982,2013,alfa romeo,mito,progression auto,11850,66469.0,hatch,4,1.4,True,petrol,False,False,VIC,/cars/details/2013-alfa-romeo-mito-progression-auto/OAG-AD-20613982/?Cr=74
56,OAG-AD-20920459,2019,alfa romeo,stelvio,quadrifoglio auto awd,116980,5565.0,suv,6,2.9,True,petrol,False,False,SA,/cars/details/2019-alfa-romeo-stelvio-quadrifoglio-auto-awd/OAG-AD-20920459/?Cr=75
57,OAG-AD-20905677,1970,alfa romeo,1750,gt veloce manual,149995,91947.0,coupe,4,1750.0,False,petrol,False,False,NSW,/cars/details/1970-alfa-romeo-1750-gt-veloce-manual/OAG-AD-20905677/?Cr=76
58,OAG-AD-20867517,2022,alfa romeo,stelvio,veloce auto awd my22,False,,,4,1.4,True,petrol,False,False,VIC,/cars/details/2022-alfa-romeo-stelvio-veloce-auto-awd-my22/OAG-AD-20867517/?Cr=77
59,OAG-AD-20965761,2015,alfa romeo,mito,distinctive auto,15500,40970.0,hatch,4,2.0,True,petrol,False,False,QLD,/cars/details/2015-alfa-romeo-mito-distinctive-auto/OAG-AD-20965761/?Cr=78
60,OAG-AD-20939406,2022,alfa romeo,stelvio,veloce auto awd my22,96291,2022.0,suv,4,2.0,True,petrol,False,False,SA,/cars/details/2022-alfa-romeo-stelvio-veloce-auto-awd-my22/OAG-AD-20939406/?Cr=79
61,OAG-AD-20957746,2021,alfa romeo,stelvio,veloce auto awd my21,87900,786.0,suv,4,2.0,True,petrol,False,False,VIC,/cars/details/2021-alfa-romeo-stelvio-veloce-auto-awd-my21/OAG-AD-20957746/?Cr=80
62,SSE-AD-13315362,2018,alfa romeo,giulia,veloce auto,55000,48436.0,sedan,4,2.0,True,petrol,False,False,SA,/cars/details/2018-alfa-romeo-giulia-veloce-auto/SSE-AD-13315362/?Cr=81
63,SHRM-AD-6293477,2022,alfa romeo,giulia,quadrifoglio auto my22,166478,,,4,1.4,True,petrol,False,False,SA,/cars/details/2022-alfa-romeo-giulia-quadrifoglio-auto-my22/SHRM-AD-6293477/?Cr=84
64,SSE-AD-6106374,2016,alfa romeo,giulietta,progression manual,23700,30000.0,hatch,4,2.0,True,petrol,False,False,VIC,/cars/details/2016-alfa-romeo-giulietta-progression-manual/SSE-AD-6106374/?Cr=85
65,SHRM-AD-6293467,2022,alfa romeo,stelvio,quadrifoglio auto awd my22,181738,,,4,2.0,True,petrol,False,False,TAS,/cars/details/2022-alfa-romeo-stelvio-quadrifoglio-auto-awd-my22/SHRM-AD-6293467/?Cr=86
66,SHRM-AD-6287234,2021,alfa romeo,giulia,sport auto my21,73086,,,4,1.75,True,petrol,False,False,NSW,/cars/details/2021-alfa-romeo-giulia-sport-auto-my21/SHRM-AD-6287234/?Cr=87
67,OAG-AD-20567969,2021,alfa romeo,stelvio,sport auto awd my21,74990,1753.0,suv,4,1.7,True,petrol,False,False,VIC,/cars/details/2021-alfa-romeo-stelvio-sport-auto-awd-my21/OAG-AD-20567969/?Cr=88
68,OAG-AD-20948862,2022,alfa romeo,giulia,veloce auto my22,86990,2022.0,sedan,6,3.0,False,petrol,False,False,NSW,/cars/details/2022-alfa-romeo-giulia-veloce-auto-my22/OAG-AD-20948862/?Cr=89
69,OAG-AD-20990250,2016,alfa romeo,giulietta,veloce auto,31990,79880.0,hatch,6,3.0,False,petrol,False,False,VIC,/cars/details/2016-alfa-romeo-giulietta-veloce-auto/OAG-AD-20990250/?Cr=90
70,SHRM-AD-6287226,2021,alfa romeo,giulia,veloce auto my21,81631,,,4,2.0,True,petrol,False,False,NSW,/cars/details/2021-alfa-romeo-giulia-veloce-auto-my21/SHRM-AD-6287226/?Cr=96
71,OAG-AD-20613715,2016,alfa romeo,giulia,super auto,49990,16279.0,sedan,6,3.2,False,petrol,False,False,NSW,/cars/details/2016-alfa-romeo-giulia-super-auto/OAG-AD-20613715/?Cr=97
72,SSE-AD-12262506,2004,alfa romeo,147,gta selespeed auto,17000,173500.0,hatch,4,2.0,True,petrol,False,False,VIC,/cars/details/2004-alfa-romeo-147-gta-selespeed-auto/SSE-AD-12262506/?Cr=98
73,OAG-AD-20617454,2021,alfa romeo,giulia,sport auto my21,71990,4779.0,sedan,6,2.9,True,petrol,False,False,NSW,/cars/details/2021-alfa-romeo-giulia-sport-auto-my21/OAG-AD-20617454/?Cr=99
74,SHRM-AD-594544,2022,alfa romeo,giulia,veloce auto my22,81253,,,4,2.2,False,petrol,False,False,VIC,/cars/details/2022-alfa-romeo-giulia-veloce-auto-my22/SHRM-AD-594544/?Cr=100
75,SSE-AD-13391503,2017,alfa romeo,giulia,quadrifoglio auto,99000,48000.0,sedan,4,1.4,True,petrol,False,False,TAS,/cars/details/2017-alfa-romeo-giulia-quadrifoglio-auto/SSE-AD-13391503/?Cr=101
76,SHRM-AD-6293473,2022,alfa romeo,giulia,quadrifoglio auto my22,168658,,,4,1.75,True,petrol,False,False,VIC,/cars/details/2022-alfa-romeo-giulia-quadrifoglio-auto-my22/SHRM-AD-6293473/?Cr=108
77,SSE-AD-13396574,2017,alfa romeo,giulietta,veloce auto,32500,75600.0,hatch,4,1.7,True,petrol,False,False,WA,/cars/details/2017-alfa-romeo-giulietta-veloce-auto/SSE-AD-13396574/?Cr=109
78,SHRM-AD-6287233,2021,alfa romeo,giulia,sport auto my21,73086,,,4,2.0,True,petrol,False,False,VIC,/cars/details/2021-alfa-romeo-giulia-sport-auto-my21/SHRM-AD-6287233/?Cr=110
79,SHRM-AD-6287227,2021,alfa romeo,giulia,veloce auto my21,81631,,,4,2.0,True,petrol,False,False,QLD,/cars/details/2021-alfa-romeo-giulia-veloce-auto-my21/SHRM-AD-6287227/?Cr=111
80,SHRM-AD-6287277,2021,alfa romeo,stelvio,sport auto awd my21,79836,,,6,2.9,True,petrol,False,False,VIC,/cars/details/2021-alfa-romeo-stelvio-sport-auto-awd-my21/SHRM-AD-6287277/?Cr=120
81,SHRM-AD-6287275,2021,alfa romeo,stelvio,sport auto awd my21,79836,,,6,2.9,True,petrol,False,False,NSW,/cars/details/2021-alfa-romeo-stelvio-sport-auto-awd-my21/SHRM-AD-6287275/?Cr=121
82,OAG-AD-20929458,2019,alfa romeo,stelvio,quadrifoglio auto awd,106705,63120.0,suv,4,1.8,True,petrol,False,False,NSW,/cars/details/2019-alfa-romeo-stelvio-quadrifoglio-auto-awd/OAG-AD-20929458/?Cr=122
83,OAG-AD-20666174,2017,alfa romeo,giulia,quadrifoglio auto,89888,75149.0,sedan,4,1.75,True,petrol,False,False,VIC,/cars/details/2017-alfa-romeo-giulia-quadrifoglio-auto/OAG-AD-20666174/?Cr=123
84,OAG-AD-20989517,2015,alfa romeo,giulietta,quadrifoglio verde auto,23888,72738.0,hatch,4,2.0,False,petrol,False,False,NSW,/cars/details/2015-alfa-romeo-giulietta-quadrifoglio-verde-auto/OAG-AD-20989517/?Cr=124
85,OAG-AD-20556859,2017,alfa romeo,giulietta,veloce auto,27888,82601.0,hatch,6,3.2,False,petrol,False,False,VIC,/cars/details/2017-alfa-romeo-giulietta-veloce-auto/OAG-AD-20556859/?Cr=125
86,SHRM-AD-6287222,2021,alfa romeo,giulia,quadrifoglio auto my21,154827,,,4,2.2,False,petrol,False,False,VIC,/cars/details/2021-alfa-romeo-giulia-quadrifoglio-auto-my21/SHRM-AD-6287222/?Cr=126
87,SHRM-AD-6287267,2021,alfa romeo,stelvio,quadrifoglio auto awd my21,168757,,,4,2.0,True,petrol,False,False,NSW,/cars/details/2021-alfa-romeo-stelvio-quadrifoglio-auto-awd-my21/SHRM-AD-6287267/?Cr=132
88,SHRM-AD-6293469,2022,alfa romeo,stelvio,quadrifoglio auto awd my22,177378,,,4,1.5,False,petrol,False,False,ACT,/cars/details/2022-alfa-romeo-stelvio-quadrifoglio-auto-awd-my22/SHRM-AD-6293469/?Cr=133
89,SHRM-AD-6287218,2021,alfa romeo,giulia,quadrifoglio auto my21,156753,,,4,1.4,True,petrol,False,False,VIC,/cars/details/2021-alfa-romeo-giulia-quadrifoglio-auto-my21/SHRM-AD-6287218/?Cr=144
90,SHRM-AD-6287230,2021,alfa romeo,giulia,sport auto my21,73086,,,4,1.7,True,petrol,False,False,VIC,/cars/details/2021-alfa-romeo-giulia-sport-auto-my21/SHRM-AD-6287230/?Cr=145
91,SHRM-AD-6287225,2021,alfa romeo,giulia,veloce auto my21,81631,,,4,2.0,True,petrol,False,False,VIC,/cars/details/2021-alfa-romeo-giulia-veloce-auto-my21/SHRM-AD-6287225/?Cr=146
92,OAG-AD-20870563,2015,alfa romeo,giulietta,distinctive auto,22690,59021.0,hatch,4,2000.0,False,petrol,False,False,NSW,/cars/details/2015-alfa-romeo-giulietta-distinctive-auto/OAG-AD-20870563/?Cr=147
93,SHRM-AD-6287272,2021,alfa romeo,stelvio,veloce auto awd my21,89953,,,4,2.2,False,petrol,False,False,VIC,/cars/details/2021-alfa-romeo-stelvio-veloce-auto-awd-my21/SHRM-AD-6287272/?Cr=156
94,SHRM-AD-6287236,2021,alfa romeo,giulia,sport auto my21,71643,,,4,1.8,True,petrol,False,False,ACT,/cars/details/2021-alfa-romeo-giulia-sport-auto-my21/SHRM-AD-6287236/?Cr=157
95,SHRM-AD-6287271,2021,alfa romeo,stelvio,quadrifoglio auto awd my21,166427,,,4,1750.0,False,petrol,False,False,QLD,/cars/details/2021-alfa-romeo-stelvio-quadrifoglio-auto-awd-my21/SHRM-AD-6287271/?Cr=158
96,SHRM-AD-6287231,2021,alfa romeo,giulia,sport auto my21,73086,,,4,1.4,True,petrol,False,False,NSW,/cars/details/2021-alfa-romeo-giulia-sport-auto-my21/SHRM-AD-6287231/?Cr=159
97,SHRM-AD-6287281,2021,alfa romeo,stelvio,sport auto awd my21,78084,,,4,2.0,True,petrol,False,False,QLD,/cars/details/2021-alfa-romeo-stelvio-sport-auto-awd-my21/SHRM-AD-6287281/?Cr=168
98,OAG-AD-20647026,2018,alfa romeo,giulia,veloce auto,54990,24497.0,sedan,4,1.4,True,petrol,False,False,NSW,/cars/details/2018-alfa-romeo-giulia-veloce-auto/OAG-AD-20647026/?Cr=169
99,SHRM-AD-6287273,2021,alfa romeo,stelvio,veloce auto awd my21,89953,,,4,1.4,True,petrol,False,False,VIC,/cars/details/2021-alfa-romeo-stelvio-veloce-auto-awd-my21/SHRM-AD-6287273/?Cr=170
100,SHRM-AD-6293466,2022,alfa romeo,stelvio,quadrifoglio auto awd my22,179726,,,4,2.0,True,petrol,False,False,QLD,/cars/details/2022-alfa-romeo-stelvio-quadrifoglio-auto-awd-my22/SHRM-AD-6293466/?Cr=171
101,SHRM-AD-6293468,2022,alfa romeo,stelvio,quadrifoglio auto awd my22,179726,,,6,2.9,True,petrol,False,False,VIC,/cars/details/2022-alfa-romeo-stelvio-quadrifoglio-auto-awd-my22/SHRM-AD-6293468/?Cr=172
102,SSE-AD-13215607,2015,alfa romeo,mito,distinctive auto,15999,32790.0,hatch,4,2.0,True,petrol,False,False,VIC,/cars/details/2015-alfa-romeo-mito-distinctive-auto/SSE-AD-13215607/?Cr=173
103,OAG-AD-20710833,2018,alfa romeo,stelvio,auto awd,52890,43956.0,suv,4,2.0,True,petrol,False,False,QLD,/cars/details/2018-alfa-romeo-stelvio-auto-awd/OAG-AD-20710833/?Cr=180
104,OAG-AD-20727255,2018,alfa romeo,giulietta,veloce auto,37190,25173.0,hatch,4,1.75,True,petrol,False,False,VIC,/cars/details/2018-alfa-romeo-giulietta-veloce-auto/OAG-AD-20727255/?Cr=181
105,OAG-AD-20940406,2017,alfa romeo,giulietta,veloce auto,29800,64329.0,hatch,4,1.75,True,petrol,False,False,VIC,/cars/details/2017-alfa-romeo-giulietta-veloce-auto/OAG-AD-20940406/?Cr=182
106,OAG-AD-20948403,2022,alfa romeo,stelvio,veloce auto awd my22,95990,120.0,suv,4,2.0,True,petrol,False,False,VIC,/cars/details/2022-alfa-romeo-stelvio-veloce-auto-awd-my22/OAG-AD-20948403/?Cr=183
107,OAG-AD-20963734,2015,alfa romeo,giulietta,quadrifoglio verde launch edition auto,29990,60763.0,hatch,4,1.8,True,petrol,False,False,VIC,/cars/details/2015-alfa-romeo-giulietta-quadrifoglio-verde-launch-edition-auto/OAG-AD-20963734/?Cr=184
108,SSE-AD-13018716,2011,alfa romeo,brera,1750 tbi manual my11,42000,25000.0,coupe,4,1.7,True,petrol,False,False,VIC,/cars/details/2011-alfa-romeo-brera-1750-tbi-manual-my11/SSE-AD-13018716/?Cr=185
109,OAG-AD-20854400,2017,alfa romeo,giulia,veloce auto,54888,44658.0,sedan,4,2.0,True,petrol,False,False,VIC,/cars/details/2017-alfa-romeo-giulia-veloce-auto/OAG-AD-20854400/?Cr=186
110,OAG-AD-20948404,2022,alfa romeo,stelvio,veloce auto awd my22,99990,20.0,suv,4,2.0,True,petrol,False,False,VIC,/cars/details/2022-alfa-romeo-stelvio-veloce-auto-awd-my22/OAG-AD-20948404/?Cr=187
111,OAG-AD-20854074,2013,alfa romeo,giulietta,progression auto my13,14990,85996.0,hatch,4,1.4,True,petrol,False,False,VIC,/cars/details/2013-alfa-romeo-giulietta-progression-auto-my13/OAG-AD-20854074/?Cr=188
112,OAG-AD-20495407,2021,alfa romeo,stelvio,veloce auto awd my21,95990,20.0,suv,4,2.0,True,petrol,False,False,VIC,/cars/details/2021-alfa-romeo-stelvio-veloce-auto-awd-my21/OAG-AD-20495407/?Cr=189
113,OAG-AD-20742108,2017,alfa romeo,giulia,quadrifoglio auto,99888,58200.0,sedan,6,2.9,True,petrol,False,False,NSW,/cars/details/2017-alfa-romeo-giulia-quadrifoglio-auto/OAG-AD-20742108/?Cr=192
114,OAG-AD-20949068,2022,alfa romeo,stelvio,veloce auto awd my22,97490,2022.0,suv,4,2.0,True,petrol,False,False,WA,/cars/details/2022-alfa-romeo-stelvio-veloce-auto-awd-my22/OAG-AD-20949068/?Cr=193
115,OAG-AD-20961435,2022,alfa romeo,stelvio,veloce auto awd my22,99990,2022.0,suv,4,2.0,True,petrol,False,False,VIC,/cars/details/2022-alfa-romeo-stelvio-veloce-auto-awd-my22/OAG-AD-20961435/?Cr=194
116,OAG-AD-20217395,2021,alfa romeo,stelvio,veloce auto awd my21,84990,1077.0,suv,4,2.0,True,petrol,False,False,VIC,/cars/details/2021-alfa-romeo-stelvio-veloce-auto-awd-my21/OAG-AD-20217395/?Cr=195
117,OAG-AD-20948840,2022,alfa romeo,stelvio,veloce auto awd my22,97490,2022.0,suv,4,2.0,True,petrol,False,False,VIC,/cars/details/2022-alfa-romeo-stelvio-veloce-auto-awd-my22/OAG-AD-20948840/?Cr=196
118,OAG-AD-20182869,2021,alfa romeo,giulia,veloce auto my21,75990,6647.0,sedan,4,2.0,True,petrol,False,False,VIC,/cars/details/2021-alfa-romeo-giulia-veloce-auto-my21/OAG-AD-20182869/?Cr=197
119,OAG-AD-20969969,2022,alfa romeo,stelvio,veloce auto awd my22,98637,2022.0,suv,4,2.0,True,petrol,False,False,VIC,/cars/details/2022-alfa-romeo-stelvio-veloce-auto-awd-my22/OAG-AD-20969969/?Cr=198
120,OAG-AD-20961427,2022,alfa romeo,stelvio,veloce auto awd my22,97490,2022.0,suv,4,2.0,True,petrol,False,False,VIC,/cars/details/2022-alfa-romeo-stelvio-veloce-auto-awd-my22/OAG-AD-20961427/?Cr=204
121,OAG-AD-20536419,2021,alfa romeo,stelvio,veloce auto awd my21,95990,1454.0,suv,4,2.0,True,petrol,False,False,VIC,/cars/details/2021-alfa-romeo-stelvio-veloce-auto-awd-my21/OAG-AD-20536419/?Cr=205
122,SSE-AD-13390712,2018,alfa romeo,giulietta,veloce auto,39000,47245.0,hatch,4,1.75,True,petrol,False,False,VIC,/cars/details/2018-alfa-romeo-giulietta-veloce-auto/SSE-AD-13390712/?Cr=206
123,OAG-AD-20771743,2021,alfa romeo,stelvio,veloce auto awd my21,91450,3689.0,suv,4,2.0,True,petrol,False,False,VIC,/cars/details/2021-alfa-romeo-stelvio-veloce-auto-awd-my21/OAG-AD-20771743/?Cr=207
124,OAG-AD-20283947,2021,alfa romeo,stelvio,veloce auto awd my21,94990,6001.0,suv,4,2.0,True,petrol,False,False,QLD,/cars/details/2021-alfa-romeo-stelvio-veloce-auto-awd-my21/OAG-AD-20283947/?Cr=208
125,SSE-AD-7339255,2005,alfa romeo,147,gta manual,21000,128000.0,hatch,6,3.2,False,petrol,False,False,VIC,/cars/details/2005-alfa-romeo-147-gta-manual/SSE-AD-7339255/?Cr=209
126,OAG-AD-20609163,2021,alfa romeo,giulia,sport auto my21,71990,7136.0,sedan,4,2.0,True,petrol,False,False,VIC,/cars/details/2021-alfa-romeo-giulia-sport-auto-my21/OAG-AD-20609163/?Cr=210
127,OAG-AD-20454877,2021,alfa romeo,stelvio,veloce auto awd my21,95990,1400.0,suv,4,2.0,True,petrol,False,False,VIC,/cars/details/2021-alfa-romeo-stelvio-veloce-auto-awd-my21/OAG-AD-20454877/?Cr=211
128,OAG-AD-20983053,2021,alfa romeo,stelvio,veloce auto awd my21,95990,20.0,suv,4,2.0,True,petrol,False,False,ACT,/cars/details/2021-alfa-romeo-stelvio-veloce-auto-awd-my21/OAG-AD-20983053/?Cr=212
129,SSE-AD-13383750,2004,alfa romeo,156,v6 manual my04,5000,273500.0,sedan,6,2.5,False,petrol,False,False,VIC,/cars/details/2004-alfa-romeo-156-v6-manual-my04/SSE-AD-13383750/?Cr=213
130,OAG-AD-20568556,2021,alfa romeo,stelvio,sport auto awd my21,76990,2100.0,suv,4,2.0,True,petrol,False,False,VIC,/cars/details/2021-alfa-romeo-stelvio-sport-auto-awd-my21/OAG-AD-20568556/?Cr=214
131,OAG-AD-20912702,2013,alfa romeo,giulietta,distinctive auto my13,17990,78643.0,hatch,4,1.4,True,petrol,False,False,VIC,/cars/details/2013-alfa-romeo-giulietta-distinctive-auto-my13/OAG-AD-20912702/?Cr=216
132,OAG-AD-20856187,2021,alfa romeo,giulia,sport auto my21,70990,1580.0,sedan,4,2.0,True,petrol,False,False,VIC,/cars/details/2021-alfa-romeo-giulia-sport-auto-my21/OAG-AD-20856187/?Cr=217
133,OAG-AD-20617591,2021,alfa romeo,stelvio,sport auto awd my21,75990,6181.0,suv,4,2.0,True,petrol,False,False,VIC,/cars/details/2021-alfa-romeo-stelvio-sport-auto-awd-my21/OAG-AD-20617591/?Cr=218
134,OAG-AD-20826853,2021,alfa romeo,stelvio,veloce auto awd my21,95990,20.0,suv,4,2.0,True,petrol,False,False,VIC,/cars/details/2021-alfa-romeo-stelvio-veloce-auto-awd-my21/OAG-AD-20826853/?Cr=219
135,OAG-AD-20912459,2018,alfa romeo,stelvio,quadrifoglio auto awd,114990,35000.0,suv,6,2.9,True,petrol,False,False,VIC,/cars/details/2018-alfa-romeo-stelvio-quadrifoglio-auto-awd/OAG-AD-20912459/?Cr=220
136,OAG-AD-20572421,2021,alfa romeo,stelvio,sport auto awd my21,74990,128.0,suv,4,2.0,True,petrol,False,False,VIC,/cars/details/2021-alfa-romeo-stelvio-sport-auto-awd-my21/OAG-AD-20572421/?Cr=221
137,OAG-AD-20970276,2017,alfa romeo,giulietta,veloce auto,30990,61114.0,hatch,4,1.75,True,petrol,False,False,VIC,/cars/details/2017-alfa-romeo-giulietta-veloce-auto/OAG-AD-20970276/?Cr=222
138,OAG-AD-20451421,2021,alfa romeo,stelvio,veloce auto awd my21,95990,4435.0,suv,4,2.0,True,petrol,False,False,VIC,/cars/details/2021-alfa-romeo-stelvio-veloce-auto-awd-my21/OAG-AD-20451421/?Cr=223
139,OAG-AD-20611044,2018,alfa romeo,stelvio,ti auto awd,58830,31192.0,suv,4,2.0,True,petrol,False,False,ACT,/cars/details/2018-alfa-romeo-stelvio-ti-auto-awd/OAG-AD-20611044/?Cr=224
140,OAG-AD-20380565,2021,alfa romeo,stelvio,quadrifoglio auto awd my21,155000,10560.0,suv,6,2.9,True,petrol,False,False,VIC,/cars/details/2021-alfa-romeo-stelvio-quadrifoglio-auto-awd-my21/OAG-AD-20380565/?Cr=225
141,OAG-AD-20608303,2021,alfa romeo,stelvio,sport auto awd my21,77990,695.0,suv,4,2.0,True,petrol,False,False,VIC,/cars/details/2021-alfa-romeo-stelvio-sport-auto-awd-my21/OAG-AD-20608303/?Cr=226
142,OAG-AD-20490281,2021,alfa romeo,stelvio,veloce auto awd my21,89990,7480.0,suv,4,2.0,True,petrol,False,False,VIC,/cars/details/2021-alfa-romeo-stelvio-veloce-auto-awd-my21/OAG-AD-20490281/?Cr=228
143,OAG-AD-20568343,2021,alfa romeo,stelvio,sport auto awd my21,74990,5200.0,suv,4,2.0,True,petrol,False,False,VIC,/cars/details/2021-alfa-romeo-stelvio-sport-auto-awd-my21/OAG-AD-20568343/?Cr=229
144,SSE-AD-13052806,2007,alfa romeo,brera,jts manual,14900,78000.0,coupe,4,2.2,False,petrol,False,False,NSW,/cars/details/2007-alfa-romeo-brera-jts-manual/SSE-AD-13052806/?Cr=230
145,OAG-AD-20285595,2021,alfa romeo,stelvio,veloce auto awd my21,91990,2568.0,suv,4,2.0,True,petrol,False,False,VIC,/cars/details/2021-alfa-romeo-stelvio-veloce-auto-awd-my21/OAG-AD-20285595/?Cr=231
146,OAG-AD-20961441,2022,alfa romeo,giulia,veloce auto my22,86990,2022.0,sedan,4,2.0,True,petrol,False,False,VIC,/cars/details/2022-alfa-romeo-giulia-veloce-auto-my22/OAG-AD-20961441/?Cr=232
147,OAG-AD-20536485,2021,alfa romeo,stelvio,veloce auto awd my21,94990,4.0,suv,4,2.0,True,petrol,False,False,VIC,/cars/details/2021-alfa-romeo-stelvio-veloce-auto-awd-my21/OAG-AD-20536485/?Cr=233
148,OAG-AD-20961423,2022,alfa romeo,stelvio,veloce auto awd my22,99990,2022.0,suv,4,2.0,True,petrol,False,False,VIC,/cars/details/2022-alfa-romeo-stelvio-veloce-auto-awd-my22/OAG-AD-20961423/?Cr=234
149,OAG-AD-20536291,2021,alfa romeo,stelvio,veloce auto awd my21,95990,4316.0,suv,4,2.0,True,petrol,False,False,VIC,/cars/details/2021-alfa-romeo-stelvio-veloce-auto-awd-my21/OAG-AD-20536291/?Cr=235
150,OAG-AD-20636679,2021,alfa romeo,stelvio,sport auto awd my21,79490,1769.0,suv,4,2.0,True,petrol,False,False,NSW,/cars/details/2021-alfa-romeo-stelvio-sport-auto-awd-my21/OAG-AD-20636679/?Cr=236
151,OAG-AD-20283957,2021,alfa romeo,stelvio,quadrifoglio auto awd my21,159990,3560.0,suv,6,2.9,True,petrol,False,False,TAS,/cars/details/2021-alfa-romeo-stelvio-quadrifoglio-auto-awd-my21/OAG-AD-20283957/?Cr=237
152,OAG-AD-20969629,2022,alfa romeo,giulia,veloce auto my22,87331,2022.0,sedan,4,2.0,True,petrol,False,False,VIC,/cars/details/2022-alfa-romeo-giulia-veloce-auto-my22/OAG-AD-20969629/?Cr=240
153,OAG-AD-20631554,2013,alfa romeo,giulietta,progression auto my13,18990,55355.0,hatch,4,1.4,True,petrol,False,False,VIC,/cars/details/2013-alfa-romeo-giulietta-progression-auto-my13/OAG-AD-20631554/?Cr=241
154,OAG-AD-20617450,2021,alfa romeo,giulia,sport auto my21,65990,3565.0,sedan,4,2.0,True,petrol,False,False,NSW,/cars/details/2021-alfa-romeo-giulia-sport-auto-my21/OAG-AD-20617450/?Cr=242
155,SSE-AD-13390516,2011,alfa romeo,mito,qv manual my10,8500,94000.0,hatch,4,1.4,True,petrol,False,False,WA,/cars/details/2011-alfa-romeo-mito-qv-manual-my10/SSE-AD-13390516/?Cr=243
156,OAG-AD-20969630,2022,alfa romeo,stelvio,veloce auto awd my22,95138,2022.0,suv,4,2.0,True,petrol,False,False,VIC,/cars/details/2022-alfa-romeo-stelvio-veloce-auto-awd-my22/OAG-AD-20969630/?Cr=244
157,OAG-AD-20858955,2021,alfa romeo,giulia,sport auto my21,64950,1140.0,sedan,4,2.0,True,petrol,False,False,WA,/cars/details/2021-alfa-romeo-giulia-sport-auto-my21/OAG-AD-20858955/?Cr=245
158,OAG-AD-20948844,2022,alfa romeo,stelvio,veloce auto awd my22,97490,2022.0,suv,4,2.0,True,petrol,False,False,VIC,/cars/details/2022-alfa-romeo-stelvio-veloce-auto-awd-my22/OAG-AD-20948844/?Cr=246
159,OAG-AD-20819505,2014,alfa romeo,giulietta,distinctive jtd-m auto,13990,118704.0,hatch,4,2.0,True,diesel,False,False,VIC,/cars/details/2014-alfa-romeo-giulietta-distinctive-jtd-m-auto/OAG-AD-20819505/?Cr=247
160,OAG-AD-20312534,2021,alfa romeo,stelvio,veloce auto awd my21,79990,6070.0,suv,4,2.0,True,petrol,False,False,NSW,/cars/details/2021-alfa-romeo-stelvio-veloce-auto-awd-my21/OAG-AD-20312534/?Cr=248
161,OAG-AD-20962302,2022,alfa romeo,stelvio,veloce auto awd my22,99990,2022.0,suv,4,2.0,True,petrol,False,False,VIC,/cars/details/2022-alfa-romeo-stelvio-veloce-auto-awd-my22/OAG-AD-20962302/?Cr=252
162,OAG-AD-20885614,2019,alfa romeo,stelvio,quadrifoglio auto awd,124990,8600.0,suv,6,2.9,True,petrol,False,False,VIC,/cars/details/2019-alfa-romeo-stelvio-quadrifoglio-auto-awd/OAG-AD-20885614/?Cr=253
163,SSE-AD-13349305,2013,alfa romeo,giulietta,distinctive auto my13,12900,90120.0,hatch,4,1.4,True,petrol,False,False,WA,/cars/details/2013-alfa-romeo-giulietta-distinctive-auto-my13/SSE-AD-13349305/?Cr=254
164,OAG-AD-20969968,2022,alfa romeo,stelvio,veloce auto awd my22,98637,2022.0,suv,4,2.0,True,petrol,False,False,VIC,/cars/details/2022-alfa-romeo-stelvio-veloce-auto-awd-my22/OAG-AD-20969968/?Cr=255
165,OAG-AD-20477595,2021,alfa romeo,stelvio,sport auto awd my21,69974,6314.0,suv,4,2.0,True,petrol,False,False,ACT,/cars/details/2021-alfa-romeo-stelvio-sport-auto-awd-my21/OAG-AD-20477595/?Cr=256
166,OAG-AD-20902940,2020,alfa romeo,giulietta,veloce auto,44480,32817.0,hatch,4,1.75,True,petrol,False,False,VIC,/cars/details/2020-alfa-romeo-giulietta-veloce-auto/OAG-AD-20902940/?Cr=257
167,SSE-AD-13340982,2011,alfa romeo,giulietta,qv manual,12500,110000.0,hatch,4,1.7,True,petrol,False,False,VIC,/cars/details/2011-alfa-romeo-giulietta-qv-manual/SSE-AD-13340982/?Cr=258
168,OAG-AD-20948655,2022,alfa romeo,stelvio,veloce auto awd my22,95990,20.0,suv,4,2.0,True,petrol,False,False,VIC,/cars/details/2022-alfa-romeo-stelvio-veloce-auto-awd-my22/OAG-AD-20948655/?Cr=264
169,OAG-AD-20961436,2022,alfa romeo,stelvio,veloce auto awd my22,99990,2022.0,suv,4,2.0,True,petrol,False,False,VIC,/cars/details/2022-alfa-romeo-stelvio-veloce-auto-awd-my22/OAG-AD-20961436/?Cr=265
170,OAG-AD-20961564,2022,alfa romeo,giulia,veloce auto my22,83290,20.0,sedan,4,2.0,True,petrol,False,False,VIC,/cars/details/2022-alfa-romeo-giulia-veloce-auto-my22/OAG-AD-20961564/?Cr=266
171,OAG-AD-20730543,2017,alfa romeo,giulia,quadrifoglio auto,95982,59500.0,sedan,6,2.9,True,petrol,False,False,VIC,/cars/details/2017-alfa-romeo-giulia-quadrifoglio-auto/OAG-AD-20730543/?Cr=267
172,OAG-AD-20383271,2021,alfa romeo,stelvio,veloce auto awd my21,84888,14885.0,suv,4,2.0,True,petrol,False,False,WA,/cars/details/2021-alfa-romeo-stelvio-veloce-auto-awd-my21/OAG-AD-20383271/?Cr=268
173,OAG-AD-20980612,2022,alfa romeo,giulia,quadrifoglio auto my22,165490,2022.0,sedan,6,2.9,True,petrol,False,False,QLD,/cars/details/2022-alfa-romeo-giulia-quadrifoglio-auto-my22/OAG-AD-20980612/?Cr=269
174,SSE-AD-13317240,2014,alfa romeo,giulietta,progression manual,14500,59687.0,hatch,4,1.4,True,petrol,False,False,QLD,/cars/details/2014-alfa-romeo-giulietta-progression-manual/SSE-AD-13317240/?Cr=270
175,OAG-AD-20774812,2020,alfa romeo,giulia,veloce auto my20,74999,27613.0,sedan,4,2.0,True,petrol,False,False,VIC,/cars/details/2020-alfa-romeo-giulia-veloce-auto-my20/OAG-AD-20774812/?Cr=271
176,OAG-AD-20845212,2018,alfa romeo,giulia,veloce auto,54999,50931.0,sedan,4,2.0,True,petrol,False,False,TAS,/cars/details/2018-alfa-romeo-giulia-veloce-auto/OAG-AD-20845212/?Cr=272
177,SSE-AD-12484104,1974,alfa romeo,2000,gt veloce manual,59500,29000.0,coupe,4,2000.0,False,petrol,False,False,VIC,/cars/details/1974-alfa-romeo-2000-gt-veloce-manual/SSE-AD-12484104/?Cr=273
178,SSE-AD-13207211,2006,alfa romeo,spider,jts manual,19000,107658.0,convertible,4,2.2,False,petrol,False,False,NSW,/cars/details/2006-alfa-romeo-spider-jts-manual/SSE-AD-13207211/?Cr=276
179,OAG-AD-20748050,2017,alfa romeo,giulia,quadrifoglio auto,114830,23766.0,sedan,6,2.9,True,petrol,False,False,ACT,/cars/details/2017-alfa-romeo-giulia-quadrifoglio-auto/OAG-AD-20748050/?Cr=277
180,SSE-AD-13162023,2013,alfa romeo,mito,distinctive auto,14000,76000.0,hatch,4,1.4,True,petrol,False,False,VIC,/cars/details/2013-alfa-romeo-mito-distinctive-auto/SSE-AD-13162023/?Cr=278
181,SSE-AD-7439104,2009,alfa romeo,brera,jts selespeed auto,26900,80000.0,coupe,4,2.2,False,petrol,False,False,NSW,/cars/details/2009-alfa-romeo-brera-jts-selespeed-auto/SSE-AD-7439104/?Cr=279
182,SSE-AD-13012033,2007,alfa romeo,159,jts ti auto,14900,119000.0,sedan,6,3.2,False,petrol,False,False,NSW,/cars/details/2007-alfa-romeo-159-jts-ti-auto/SSE-AD-13012033/?Cr=280
183,OAG-AD-20988417,2016,alfa romeo,giulietta,super auto,26990,33818.0,hatch,4,1.4,True,petrol,False,False,WA,/cars/details/2016-alfa-romeo-giulietta-super-auto/OAG-AD-20988417/?Cr=281
184,SSE-AD-13383669,2011,alfa romeo,mito,auto my10,6000,148500.0,hatch,4,1.4,True,petrol,False,False,VIC,/cars/details/2011-alfa-romeo-mito-auto-my10/SSE-AD-13383669/?Cr=282
185,SSE-AD-13204552,2002,alfa romeo,spider,twin spark manual,8800,155000.0,convertible,4,2.0,False,petrol,False,False,NSW,/cars/details/2002-alfa-romeo-spider-twin-spark-manual/SSE-AD-13204552/?Cr=283
186,OAG-AD-20494500,2015,alfa romeo,giulietta,distinctive auto,19888,38488.0,hatch,4,1.4,True,petrol,False,False,NSW,/cars/details/2015-alfa-romeo-giulietta-distinctive-auto/OAG-AD-20494500/?Cr=284
187,OAG-AD-21000614,2022,alfa romeo,stelvio,veloce auto awd my22,95700,2022.0,suv,4,2.0,True,petrol,False,False,WA,/cars/details/2022-alfa-romeo-stelvio-veloce-auto-awd-my22/OAG-AD-21000614/?Cr=285
188,SSE-AD-13189971,2017,alfa romeo,giulia,veloce auto,46500,70000.0,sedan,4,2.0,True,petrol,False,False,VIC,/cars/details/2017-alfa-romeo-giulia-veloce-auto/SSE-AD-13189971/?Cr=286
189,SSE-AD-12938496,2015,alfa romeo,4c,launch edition auto,149960,500.0,coupe,4,1.7,True,petrol,False,False,VIC,/cars/details/2015-alfa-romeo-4c-launch-edition-auto/SSE-AD-12938496/?Cr=288
190,SSE-AD-13208934,2018,alfa romeo,giulia,veloce auto,49000,64000.0,sedan,4,2.0,True,petrol,False,False,NSW,/cars/details/2018-alfa-romeo-giulia-veloce-auto/SSE-AD-13208934/?Cr=289
191,OAG-AD-20921297,1984,alfa romeo,alfetta,gtv manual,42888,60321.0,coupe,4,2.0,False,petrol,False,False,VIC,/cars/details/1984-alfa-romeo-alfetta-gtv-manual/OAG-AD-20921297/?Cr=290
192,OAG-AD-19922794,2021,alfa romeo,stelvio,sport auto awd my21,69888,11921.0,suv,4,2.0,True,petrol,False,False,NSW,/cars/details/2021-alfa-romeo-stelvio-sport-auto-awd-my21/OAG-AD-19922794/?Cr=291
193,SSE-AD-13301969,2010,alfa romeo,159,jtd auto my09,11900,117000.0,sedan,5,2.4,True,diesel,False,False,NSW,/cars/details/2010-alfa-romeo-159-jtd-auto-my09/SSE-AD-13301969/?Cr=292
194,SSE-AD-13376599,2019,alfa romeo,giulia,veloce auto my19,55700,61000.0,sedan,4,2.0,True,petrol,False,False,VIC,/cars/details/2019-alfa-romeo-giulia-veloce-auto-my19/SSE-AD-13376599/?Cr=293
195,OAG-AD-20436389,2015,alfa romeo,4c,auto,95000,8544.0,coupe,4,1.7,True,petrol,False,False,WA,/cars/details/2015-alfa-romeo-4c-auto/OAG-AD-20436389/?Cr=294
196,OAG-AD-20931850,2022,alfa romeo,stelvio,veloce auto awd my22,94888,2022.0,suv,4,2.0,True,petrol,False,False,NSW,/cars/details/2022-alfa-romeo-stelvio-veloce-auto-awd-my22/OAG-AD-20931850/?Cr=295
197,SSE-AD-13370392,2007,alfa romeo,159,jts manual,16000,159597.0,sedan,6,3.2,False,petrol,False,False,NSW,/cars/details/2007-alfa-romeo-159-jts-manual/SSE-AD-13370392/?Cr=296
198,SSE-AD-12264356,2006,alfa romeo,brera,v6 manual,38990,127781.0,coupe,6,3.2,False,petrol,False,False,NSW,/cars/details/2006-alfa-romeo-brera-v6-manual/SSE-AD-12264356/?Cr=297
199,OAG-AD-20708756,2017,alfa romeo,giulietta,super manual,19990,74772.0,hatch,4,1.4,True,petrol,False,False,VIC,/cars/details/2017-alfa-romeo-giulietta-super-manual/OAG-AD-20708756/?Cr=300
200,SSE-AD-12749493,2020,alfa romeo,giulia,veloce auto my20,62900,25000.0,sedan,4,2.0,True,petrol,False,False,QLD,/cars/details/2020-alfa-romeo-giulia-veloce-auto-my20/SSE-AD-12749493/?Cr=301
201,SSE-AD-12128817,2007,alfa romeo,159,jtd auto,25000,38435.0,sedan,4,1.9,True,diesel,False,False,VIC,/cars/details/2007-alfa-romeo-159-jtd-auto/SSE-AD-12128817/?Cr=302
202,SSE-AD-7374744,2015,alfa romeo,giulietta,quadrifoglio verde auto,26990,40000.0,hatch,4,1.8,True,petrol,False,False,NSW,/cars/details/2015-alfa-romeo-giulietta-quadrifoglio-verde-auto/SSE-AD-7374744/?Cr=303
203,OAG-AD-20567357,2021,alfa romeo,stelvio,sport auto awd my21,77500,1051.0,suv,4,2.0,True,petrol,False,False,NSW,/cars/details/2021-alfa-romeo-stelvio-sport-auto-awd-my21/OAG-AD-20567357/?Cr=304
204,SSE-AD-13215690,2018,alfa romeo,giulia,veloce auto,49999,54000.0,sedan,4,2.0,True,petrol,False,False,NSW,/cars/details/2018-alfa-romeo-giulia-veloce-auto/SSE-AD-13215690/?Cr=305
205,SSE-AD-13372262,2014,alfa romeo,giulietta,distinctive jtd-m auto,16999,122000.0,hatch,4,2.0,True,diesel,False,False,VIC,/cars/details/2014-alfa-romeo-giulietta-distinctive-jtd-m-auto/SSE-AD-13372262/?Cr=306
206,SSE-AD-12766635,2007,alfa romeo,gt,jts manual,8000,72620.0,coupe,4,2.0,False,petrol,False,False,NSW,/cars/details/2007-alfa-romeo-gt-jts-manual/SSE-AD-12766635/?Cr=307
207,SSE-AD-13371513,2013,alfa romeo,giulietta,progression auto my13,14500,36016.0,hatch,4,1.4,True,petrol,False,False,QLD,/cars/details/2013-alfa-romeo-giulietta-progression-auto-my13/SSE-AD-13371513/?Cr=308
208,OAG-AD-20955731,2022,alfa romeo,giulia,veloce auto my22,False,2022.0,sedan,4,2.0,True,petrol,False,False,NSW,/cars/details/2022-alfa-romeo-giulia-veloce-auto-my22/OAG-AD-20955731/?Cr=309
209,SSE-AD-7420001,2011,alfa romeo,giulietta,distinctive manual,9999,154000.0,hatch,4,1.4,True,petrol,False,False,WA,/cars/details/2011-alfa-romeo-giulietta-distinctive-manual/SSE-AD-7420001/?Cr=310
210,SSE-AD-13369935,1998,alfa romeo,gtv,v6 manual,16000,193000.0,coupe,6,3.0,False,petrol,False,False,TAS,/cars/details/1998-alfa-romeo-gtv-v6-manual/SSE-AD-13369935/?Cr=312
211,OAG-AD-20945702,2017,alfa romeo,giulia,veloce auto,54888,19254.0,sedan,4,2.0,True,petrol,False,False,VIC,/cars/details/2017-alfa-romeo-giulia-veloce-auto/OAG-AD-20945702/?Cr=313
212,OAG-AD-20926162,2021,alfa romeo,giulia,veloce auto my21,72990,10733.0,sedan,4,2.0,True,petrol,False,False,QLD,/cars/details/2021-alfa-romeo-giulia-veloce-auto-my21/OAG-AD-20926162/?Cr=314
213,OAG-AD-20985873,2022,alfa romeo,stelvio,veloce auto awd my22,97756,2022.0,suv,4,2.0,True,petrol,False,False,ACT,/cars/details/2022-alfa-romeo-stelvio-veloce-auto-awd-my22/OAG-AD-20985873/?Cr=315
214,OAG-AD-20933859,2022,alfa romeo,stelvio,veloce auto awd my22,96888,2022.0,suv,4,2.0,True,petrol,False,False,NSW,/cars/details/2022-alfa-romeo-stelvio-veloce-auto-awd-my22/OAG-AD-20933859/?Cr=316
215,OAG-AD-20956266,2014,alfa romeo,giulietta,quadrifoglio verde auto,25830,85929.0,hatch,4,1.8,True,petrol,False,False,NSW,/cars/details/2014-alfa-romeo-giulietta-quadrifoglio-verde-auto/OAG-AD-20956266/?Cr=317
216,OAG-AD-20931309,2022,alfa romeo,stelvio,veloce auto awd my22,98888,2022.0,suv,4,2.0,True,petrol,False,False,NSW,/cars/details/2022-alfa-romeo-stelvio-veloce-auto-awd-my22/OAG-AD-20931309/?Cr=318
217,OAG-AD-20689680,2007,alfa romeo,159,jtd auto,8990,158500.0,sedan,5,2.4,True,diesel,False,False,NSW,/cars/details/2007-alfa-romeo-159-jtd-auto/OAG-AD-20689680/?Cr=324
218,SSE-AD-12228580,2001,alfa romeo,gtv,v6 manual,22000,141500.0,coupe,6,3.0,False,petrol,False,False,TAS,/cars/details/2001-alfa-romeo-gtv-v6-manual/SSE-AD-12228580/?Cr=325
219,SSE-AD-12665979,2009,alfa romeo,spider,jts selespeed auto,25000,88000.0,convertible,4,2.2,False,petrol,False,False,NSW,/cars/details/2009-alfa-romeo-spider-jts-selespeed-auto/SSE-AD-12665979/?Cr=326
220,OAG-AD-20962091,2013,alfa romeo,giulietta,progression manual my13,12999,115545.0,hatch,4,1.4,True,petrol,False,False,NSW,/cars/details/2013-alfa-romeo-giulietta-progression-manual-my13/OAG-AD-20962091/?Cr=327
221,OAG-AD-20956128,2022,alfa romeo,stelvio,veloce auto awd my22,96888,20.0,suv,4,2.0,True,petrol,False,False,NSW,/cars/details/2022-alfa-romeo-stelvio-veloce-auto-awd-my22/OAG-AD-20956128/?Cr=328
222,OAG-AD-20985875,2022,alfa romeo,stelvio,veloce auto awd my22,94995,2022.0,suv,4,2.0,True,petrol,False,False,VIC,/cars/details/2022-alfa-romeo-stelvio-veloce-auto-awd-my22/OAG-AD-20985875/?Cr=329
223,OAG-AD-20935722,2022,alfa romeo,stelvio,veloce auto awd my22,98888,2022.0,suv,4,2.0,True,petrol,False,False,SA,/cars/details/2022-alfa-romeo-stelvio-veloce-auto-awd-my22/OAG-AD-20935722/?Cr=330
224,OAG-AD-20953252,2017,alfa romeo,giulia,auto,43990,54022.0,sedan,4,2.0,True,petrol,False,False,VIC,/cars/details/2017-alfa-romeo-giulia-auto/OAG-AD-20953252/?Cr=331
225,OAG-AD-20839435,2017,alfa romeo,stelvio,first edition auto awd,49990,88188.0,suv,4,2.2,True,diesel,False,False,VIC,/cars/details/2017-alfa-romeo-stelvio-first-edition-auto-awd/OAG-AD-20839435/?Cr=336
226,SSE-AD-13362966,1989,alfa romeo,alfa,75 twin spark manual,28990,265270.0,sedan,4,2.0,False,petrol,False,False,VIC,/cars/details/1989-alfa-romeo-alfa-75-twin-spark-manual/SSE-AD-13362966/?Cr=337
227,OAG-AD-20893560,2019,alfa romeo,stelvio,quadrifoglio auto awd,139990,28563.0,suv,6,2.9,True,petrol,False,False,VIC,/cars/details/2019-alfa-romeo-stelvio-quadrifoglio-auto-awd/OAG-AD-20893560/?Cr=338
228,SSE-AD-13101921,1977,alfa romeo,spider,2000 veloce manual,42000,21856.0,convertible,4,2.0,False,petrol,False,False,WA,/cars/details/1977-alfa-romeo-spider-2000-veloce-manual/SSE-AD-13101921/?Cr=339
229,SSE-AD-13329106,2013,alfa romeo,giulietta,progression manual my13,16000,41158.0,hatch,4,1.4,True,petrol,False,False,TAS,/cars/details/2013-alfa-romeo-giulietta-progression-manual-my13/SSE-AD-13329106/?Cr=340
230,SSE-AD-13197039,2019,alfa romeo,stelvio,quadrifoglio auto awd,119999,9500.0,suv,6,2.9,True,petrol,False,False,VIC,/cars/details/2019-alfa-romeo-stelvio-quadrifoglio-auto-awd/SSE-AD-13197039/?Cr=341
231,OAG-AD-20934907,2014,alfa romeo,giulietta,distinctive auto,17990,88226.0,hatch,4,1.4,True,petrol,False,False,SA,/cars/details/2014-alfa-romeo-giulietta-distinctive-auto/OAG-AD-20934907/?Cr=342
232,OAG-AD-20792631,2019,alfa romeo,stelvio,quadrifoglio auto awd,115888,19164.0,suv,6,2.9,True,petrol,False,False,NSW,/cars/details/2019-alfa-romeo-stelvio-quadrifoglio-auto-awd/OAG-AD-20792631/?Cr=343
233,SSE-AD-13271603,2018,alfa romeo,giulia,quadrifoglio auto,107999,14900.0,sedan,6,2.9,True,petrol,False,False,NSW,/cars/details/2018-alfa-romeo-giulia-quadrifoglio-auto/SSE-AD-13271603/?Cr=344
234,OAG-AD-20955394,2022,alfa romeo,giulia,quadrifoglio auto my22,160256,2022.0,sedan,6,2.9,True,petrol,False,False,NSW,/cars/details/2022-alfa-romeo-giulia-quadrifoglio-auto-my22/OAG-AD-20955394/?Cr=345
235,OAG-AD-20935039,2022,alfa romeo,stelvio,veloce auto awd my22,98888,2022.0,suv,4,2.0,True,petrol,False,False,SA,/cars/details/2022-alfa-romeo-stelvio-veloce-auto-awd-my22/OAG-AD-20935039/?Cr=348
236,OAG-AD-20748860,2003,alfa romeo,spider,twin spark veloce manual,13990,140912.0,convertible,4,2.0,False,petrol,False,False,NSW,/cars/details/2003-alfa-romeo-spider-twin-spark-veloce-manual/OAG-AD-20748860/?Cr=349
237,SSE-AD-12682851,2001,alfa romeo,spider,twin spark luxury manual,16750,134000.0,convertible,4,2.0,False,petrol,False,False,SA,/cars/details/2001-alfa-romeo-spider-twin-spark-luxury-manual/SSE-AD-12682851/?Cr=350
238,OAG-AD-20714457,1991,alfa romeo,sz,zagato manual,149000,49500.0,coupe,6,3.0,False,petrol,False,False,NSW,/cars/details/1991-alfa-romeo-sz-zagato-manual/OAG-AD-20714457/?Cr=351
239,SSE-AD-13351572,2011,alfa romeo,159,1750 tbi ti manual,19800,83000.0,sedan,4,1.7,True,petrol,False,False,VIC,/cars/details/2011-alfa-romeo-159-1750-tbi-ti-manual/SSE-AD-13351572/?Cr=352
240,SSE-AD-12861893,2019,alfa romeo,giulia,super auto my19,35000,99700.0,sedan,4,2.0,True,petrol,False,False,ACT,/cars/details/2019-alfa-romeo-giulia-super-auto-my19/SSE-AD-12861893/?Cr=353
241,OAG-AD-20495036,2021,alfa romeo,stelvio,sport auto awd my21,67990,1288.0,suv,4,2.0,True,petrol,False,False,NSW,/cars/details/2021-alfa-romeo-stelvio-sport-auto-awd-my21/OAG-AD-20495036/?Cr=354
242,OAG-AD-20377182,2021,alfa romeo,stelvio,quadrifoglio auto awd my21,172485,2021.0,suv,6,2.9,True,petrol,False,False,ACT,/cars/details/2021-alfa-romeo-stelvio-quadrifoglio-auto-awd-my21/OAG-AD-20377182/?Cr=355
243,SSE-AD-13294339,2014,alfa romeo,giulietta,distinctive manual,11000,86000.0,hatch,4,1.4,True,petrol,False,False,QLD,/cars/details/2014-alfa-romeo-giulietta-distinctive-manual/SSE-AD-13294339/?Cr=356
244,OAG-AD-20728608,2021,alfa romeo,stelvio,veloce auto awd my21,83830,2100.0,suv,4,2.0,True,petrol,False,False,VIC,/cars/details/2021-alfa-romeo-stelvio-veloce-auto-awd-my21/OAG-AD-20728608/?Cr=357
245,SSE-AD-7432304,2004,alfa romeo,147,gta manual,23000,132000.0,hatch,6,3.2,False,petrol,False,False,NSW,/cars/details/2004-alfa-romeo-147-gta-manual/SSE-AD-7432304/?Cr=360
246,SSE-AD-12210056,2009,alfa romeo,brera,jts italia independent manual,45000,34445.0,coupe,4,2.2,False,petrol,False,False,QLD,/cars/details/2009-alfa-romeo-brera-jts-italia-independent-manual/SSE-AD-12210056/?Cr=361
247,SSE-AD-7321011,1982,alfa romeo,alfasud,super manual,25500,1350.0,sedan,4,1.5,False,petrol,False,False,NSW,/cars/details/1982-alfa-romeo-alfasud-super-manual/SSE-AD-7321011/?Cr=362
248,SSE-AD-12821226,2017,alfa romeo,giulia,veloce auto,52190,59000.0,sedan,4,2.0,True,petrol,False,False,ACT,/cars/details/2017-alfa-romeo-giulia-veloce-auto/SSE-AD-12821226/?Cr=363
249,OAG-AD-20461859,2021,alfa romeo,stelvio,quadrifoglio auto awd my21,164990,911.0,suv,6,2.9,True,petrol,False,False,ACT,/cars/details/2021-alfa-romeo-stelvio-quadrifoglio-auto-awd-my21/OAG-AD-20461859/?Cr=364
250,OAG-AD-20306590,1967,alfa romeo,giulia,super manual,64990,11888.0,sedan,4,1600.0,False,petrol,False,False,VIC,/cars/details/1967-alfa-romeo-giulia-super-manual/OAG-AD-20306590/?Cr=365
251,SSE-AD-12726087,1974,alfa romeo,2000,gt veloce manual,62500,36274.0,coupe,4,2000.0,False,petrol,False,False,VIC,/cars/details/1974-alfa-romeo-2000-gt-veloce-manual/SSE-AD-12726087/?Cr=366
252,SSE-AD-13356579,2018,alfa romeo,giulia,auto,36500,60900.0,sedan,4,2.0,True,petrol,False,False,WA,/cars/details/2018-alfa-romeo-giulia-auto/SSE-AD-13356579/?Cr=367
253,SSE-AD-6683360,2001,alfa romeo,156,sport selespeed auto my01,4950,223000.0,sedan,4,2.0,False,petrol,False,False,VIC,/cars/details/2001-alfa-romeo-156-sport-selespeed-auto-my01/SSE-AD-6683360/?Cr=368
254,SSE-AD-13023413,2013,alfa romeo,giulietta,distinctive manual my12,14950,85550.0,hatch,4,1.4,True,petrol,False,False,NSW,/cars/details/2013-alfa-romeo-giulietta-distinctive-manual-my12/SSE-AD-13023413/?Cr=369
255,OAG-AD-20567176,2021,alfa romeo,stelvio,sport auto awd my21,68875,3166.0,suv,4,2.0,True,petrol,False,False,ACT,/cars/details/2021-alfa-romeo-stelvio-sport-auto-awd-my21/OAG-AD-20567176/?Cr=370
256,OAG-AD-20396716,2020,alfa romeo,stelvio,sport auto awd my20,68830,5625.0,suv,4,2.0,True,petrol,False,False,ACT,/cars/details/2020-alfa-romeo-stelvio-sport-auto-awd-my20/OAG-AD-20396716/?Cr=371
257,SSE-AD-13215772,2018,alfa romeo,giulia,veloce auto,52500,38128.0,sedan,4,2.0,True,petrol,False,False,VIC,/cars/details/2018-alfa-romeo-giulia-veloce-auto/SSE-AD-13215772/?Cr=372
258,SSE-AD-12750180,1999,alfa romeo,gtv,twin spark manual,16500,105000.0,coupe,4,2.0,False,petrol,False,False,NSW,/cars/details/1999-alfa-romeo-gtv-twin-spark-manual/SSE-AD-12750180/?Cr=373
259,SSE-AD-13272809,2014,alfa romeo,giulietta,progression manual,11990,119934.0,hatch,4,1.4,True,petrol,False,False,VIC,/cars/details/2014-alfa-romeo-giulietta-progression-manual/SSE-AD-13272809/?Cr=374
260,OAG-AD-20435453,1988,alfa romeo,spider,2000 veloce manual,49990,204844.0,convertible,4,2.0,False,petrol,False,False,NSW,/cars/details/1988-alfa-romeo-spider-2000-veloce-manual/OAG-AD-20435453/?Cr=375
261,SSE-AD-13351929,2004,alfa romeo,156,v6 manual my04,5500,207181.0,sedan,6,2.5,False,petrol,False,False,NSW,/cars/details/2004-alfa-romeo-156-v6-manual-my04/SSE-AD-13351929/?Cr=376
262,SSE-AD-7450343,1980,alfa romeo,spider,2000 veloce manual,66000,154500.0,convertible,4,2.0,False,petrol,False,False,QLD,/cars/details/1980-alfa-romeo-spider-2000-veloce-manual/SSE-AD-7450343/?Cr=377
263,SSE-AD-12224058,2001,alfa romeo,spider,twin spark luxury manual,16000,98000.0,convertible,4,2.0,False,petrol,False,False,QLD,/cars/details/2001-alfa-romeo-spider-twin-spark-luxury-manual/SSE-AD-12224058/?Cr=378
264,SSE-AD-12523158,1998,alfa romeo,gtv,v6 manual,19400,141000.0,coupe,6,3.0,False,petrol,False,False,VIC,/cars/details/1998-alfa-romeo-gtv-v6-manual/SSE-AD-12523158/?Cr=379
265,SSE-AD-12856640,2017,alfa romeo,giulia,quadrifoglio auto,110990,51000.0,sedan,6,2.9,True,petrol,False,False,VIC,/cars/details/2017-alfa-romeo-giulia-quadrifoglio-auto/SSE-AD-12856640/?Cr=380
266,SSE-AD-13340518,2010,alfa romeo,gt,100th anniversary manual,41500,66100.0,coupe,6,3.2,False,petrol,False,False,VIC,/cars/details/2010-alfa-romeo-gt-100th-anniversary-manual/SSE-AD-13340518/?Cr=381
267,SSE-AD-13235769,2008,alfa romeo,159,jtd ti manual,10400,168041.0,sedan,5,2.4,True,diesel,False,False,NSW,/cars/details/2008-alfa-romeo-159-jtd-ti-manual/SSE-AD-13235769/?Cr=382
268,SSE-AD-13350253,2002,alfa romeo,156,jts manual,6250,171000.0,sedan,4,2.0,False,petrol,False,False,SA,/cars/details/2002-alfa-romeo-156-jts-manual/SSE-AD-13350253/?Cr=383
269,SSE-AD-13022990,1970,alfa romeo,1750,berlina manual,30000,200000.0,sedan,4,1750.0,False,petrol,False,False,VIC,/cars/details/1970-alfa-romeo-1750-berlina-manual/SSE-AD-13022990/?Cr=384
270,SSE-AD-13351637,2017,alfa romeo,4c,auto,119900,19912.0,coupe,4,1.7,True,petrol,False,False,QLD,/cars/details/2017-alfa-romeo-4c-auto/SSE-AD-13351637/?Cr=385
271,SSE-AD-12858086,2006,alfa romeo,159,jts manual,12000,150000.0,sedan,6,3.2,False,petrol,False,False,TAS,/cars/details/2006-alfa-romeo-159-jts-manual/SSE-AD-12858086/?Cr=386
272,SSE-AD-13344305,2010,alfa romeo,gt,100th anniversary manual,44990,69000.0,coupe,6,3.2,False,petrol,False,False,VIC,/cars/details/2010-alfa-romeo-gt-100th-anniversary-manual/SSE-AD-13344305/?Cr=387
273,SSE-AD-11967396,2005,alfa romeo,147,gta monza manual,24999,267000.0,hatch,6,3.2,False,petrol,False,False,VIC,/cars/details/2005-alfa-romeo-147-gta-monza-manual/SSE-AD-11967396/?Cr=388
274,SSE-AD-12895834,2007,alfa romeo,147,selespeed auto my05,9999,3000.0,hatch,4,2.0,False,petrol,False,False,VIC,/cars/details/2007-alfa-romeo-147-selespeed-auto-my05/SSE-AD-12895834/?Cr=389
275,SSE-AD-13346228,2014,alfa romeo,giulietta,progression auto,11800,164000.0,hatch,4,1.4,True,petrol,False,False,VIC,/cars/details/2014-alfa-romeo-giulietta-progression-auto/SSE-AD-13346228/?Cr=390
276,SSE-AD-13076267,2005,alfa romeo,166,auto my04,13500,135000.0,sedan,6,3.0,False,petrol,False,False,VIC,/cars/details/2005-alfa-romeo-166-auto-my04/SSE-AD-13076267/?Cr=391
277,SSE-AD-5877027,1957,alfa romeo,giulietta,spider veloce manual,140000,103000.0,convertible,4,1.3,False,petrol,False,False,VIC,/cars/details/1957-alfa-romeo-giulietta-spider-veloce-manual/SSE-AD-5877027/?Cr=392
278,SSE-AD-6902791,2003,alfa romeo,156,gta manual,36995,47000.0,sedan,6,3.2,False,petrol,False,False,WA,/cars/details/2003-alfa-romeo-156-gta-manual/SSE-AD-6902791/?Cr=393
279,SSE-AD-12544568,2007,alfa romeo,159,jts auto,7000,127000.0,sedan,4,2.2,False,petrol,False,False,VIC,/cars/details/2007-alfa-romeo-159-jts-auto/SSE-AD-12544568/?Cr=394
280,SSE-AD-13008146,2012,alfa romeo,giulietta,distinctive auto my12,9500,132300.0,hatch,4,1.4,True,petrol,False,False,ACT,/cars/details/2012-alfa-romeo-giulietta-distinctive-auto-my12/SSE-AD-13008146/?Cr=395
281,SSE-AD-13273559,2011,alfa romeo,giulietta,qv manual,13000,85538.0,hatch,4,1.7,True,petrol,False,False,VIC,/cars/details/2011-alfa-romeo-giulietta-qv-manual/SSE-AD-13273559/?Cr=396
282,SSE-AD-13252202,2011,alfa romeo,159,1750 tbi ti manual,32500,153000.0,wagon,4,1.7,True,petrol,False,False,QLD,/cars/details/2011-alfa-romeo-159-1750-tbi-ti-manual/SSE-AD-13252202/?Cr=397
283,SSE-AD-7197861,2008,alfa romeo,147,selespeed monza auto my05,8990,103000.0,hatch,4,2.0,False,petrol,False,False,NSW,/cars/details/2008-alfa-romeo-147-selespeed-monza-auto-my05/SSE-AD-7197861/?Cr=398
284,SSE-AD-13335364,1982,alfa romeo,alfetta,gtv2.0 manual,25000,55030.0,coupe,4,2.0,False,petrol,False,False,VIC,/cars/details/1982-alfa-romeo-alfetta-gtv2-0-manual/SSE-AD-13335364/?Cr=399
285,SSE-AD-13068718,2014,alfa romeo,giulietta,quadrifoglio verde auto,25000,73000.0,hatch,4,1.8,True,petrol,False,False,VIC,/cars/details/2014-alfa-romeo-giulietta-quadrifoglio-verde-auto/SSE-AD-13068718/?Cr=400
286,SSE-AD-13122422,2018,alfa romeo,giulietta,veloce auto,32000,29700.0,hatch,4,1.75,True,petrol,False,False,NSW,/cars/details/2018-alfa-romeo-giulietta-veloce-auto/SSE-AD-13122422/?Cr=401
287,SSE-AD-12709092,1972,alfa romeo,giulia,super manual,72000,134000.0,sedan,4,1600.0,False,petrol,False,False,ACT,/cars/details/1972-alfa-romeo-giulia-super-manual/SSE-AD-12709092/?Cr=402
288,SSE-AD-12393265,2008,alfa romeo,spider,jts v6 auto,34600,136086.0,convertible,6,3.2,False,petrol,False,False,NSW,/cars/details/2008-alfa-romeo-spider-jts-v6-auto/SSE-AD-12393265/?Cr=403
289,SSE-AD-12557244,1999,alfa romeo,156,v6 auto,7700,195890.0,sedan,6,2.5,False,petrol,False,False,VIC,/cars/details/1999-alfa-romeo-156-v6-auto/SSE-AD-12557244/?Cr=404
290,SSE-AD-13302503,2004,alfa romeo,166,auto my04,10900,179000.0,sedan,6,3.0,False,petrol,False,False,SA,/cars/details/2004-alfa-romeo-166-auto-my04/SSE-AD-13302503/?Cr=405
291,SSE-AD-13334304,2009,alfa romeo,gt,selespeed jts auto,10000,82000.0,coupe,4,2.0,False,petrol,False,False,SA,/cars/details/2009-alfa-romeo-gt-selespeed-jts-auto/SSE-AD-13334304/?Cr=406
292,SSE-AD-12707567,2018,alfa romeo,giulietta,veloce auto,37500,36570.0,hatch,4,1.75,True,petrol,False,False,VIC,/cars/details/2018-alfa-romeo-giulietta-veloce-auto/SSE-AD-12707567/?Cr=408
293,SSE-AD-12759302,2015,alfa romeo,4c,launch edition auto,92500,19700.0,coupe,4,1.7,True,petrol,False,False,NSW,/cars/details/2015-alfa-romeo-4c-launch-edition-auto/SSE-AD-12759302/?Cr=409
294,SSE-AD-13191769,1977,alfa romeo,spider,2000 veloce manual,66000,2000.0,convertible,4,2.0,False,petrol,False,False,NSW,/cars/details/1977-alfa-romeo-spider-2000-veloce-manual/SSE-AD-13191769/?Cr=410
295,SSE-AD-13228648,2009,alfa romeo,brera,jts selespeed auto,15000,188160.0,coupe,4,2.2,False,petrol,False,False,TAS,/cars/details/2009-alfa-romeo-brera-jts-selespeed-auto/SSE-AD-13228648/?Cr=411
296,SSE-AD-6770207,1984,alfa romeo,giulietta,manual,7800,250000.0,sedan,4,2.0,False,petrol,False,False,NSW,/cars/details/1984-alfa-romeo-giulietta-manual/SSE-AD-6770207/?Cr=412
297,SSE-AD-13234257,2007,alfa romeo,spider,jts manual,27500,116600.0,convertible,4,2.2,False,petrol,False,False,NSW,/cars/details/2007-alfa-romeo-spider-jts-manual/SSE-AD-13234257/?Cr=413
298,SSE-AD-12341827,1998,alfa romeo,gtv,v6 manual,26000,65000.0,coupe,6,3.0,False,petrol,False,False,NSW,/cars/details/1998-alfa-romeo-gtv-v6-manual/SSE-AD-12341827/?Cr=414
299,SSE-AD-7372634,1984,alfa romeo,alfetta,gtv6 manual,43000,74416.0,coupe,6,2.5,False,petrol,False,False,NSW,/cars/details/1984-alfa-romeo-alfetta-gtv6-manual/SSE-AD-7372634/?Cr=415
300,SSE-AD-13274392,2018,alfa romeo,stelvio,auto awd,50990,71500.0,suv,4,2.2,True,diesel,False,False,VIC,/cars/details/2018-alfa-romeo-stelvio-auto-awd/SSE-AD-13274392/?Cr=416
301,SSE-AD-13310882,2012,alfa romeo,giulietta,auto,12500,92047.0,hatch,4,1.4,True,petrol,False,False,NSW,/cars/details/2012-alfa-romeo-giulietta-auto/SSE-AD-13310882/?Cr=417
302,SSE-AD-12066823,2008,alfa romeo,159,jtd auto,9700,145000.0,wagon,5,2.4,True,diesel,False,False,NSW,/cars/details/2008-alfa-romeo-159-jtd-auto/SSE-AD-12066823/?Cr=418
303,SSE-AD-13106513,2006,alfa romeo,166,ti auto my06,12900,135898.0,sedan,6,3.0,False,petrol,False,False,VIC,/cars/details/2006-alfa-romeo-166-ti-auto-my06/SSE-AD-13106513/?Cr=419
304,SSE-AD-13231690,2017,alfa romeo,giulietta,super auto,26000,56819.0,hatch,4,1.4,True,petrol,False,False,NSW,/cars/details/2017-alfa-romeo-giulietta-super-auto/SSE-AD-13231690/?Cr=420
305,SSE-AD-13293675,2007,alfa romeo,brera,jts manual,17000,96160.0,coupe,4,2.2,False,petrol,False,False,SA,/cars/details/2007-alfa-romeo-brera-jts-manual/SSE-AD-13293675/?Cr=421
306,SSE-AD-13294445,2002,alfa romeo,156,gta manual,32000,132500.0,sedan,6,3.2,False,petrol,False,False,SA,/cars/details/2002-alfa-romeo-156-gta-manual/SSE-AD-13294445/?Cr=422
307,SSE-AD-11898780,1969,alfa romeo,1750,gt veloce manual,105000,49571.0,coupe,4,1750.0,False,petrol,False,False,NSW,/cars/details/1969-alfa-romeo-1750-gt-veloce-manual/SSE-AD-11898780/?Cr=423
308,SSE-AD-7318682,2017,alfa romeo,giulia,veloce auto,39900,123456.0,sedan,4,2.0,True,petrol,False,False,QLD,/cars/details/2017-alfa-romeo-giulia-veloce-auto/SSE-AD-7318682/?Cr=424
309,SSE-AD-13290386,2011,alfa romeo,giulietta,qv manual,15500,100000.0,hatch,4,1.7,True,petrol,False,False,VIC,/cars/details/2011-alfa-romeo-giulietta-qv-manual/SSE-AD-13290386/?Cr=425
310,SSE-AD-13291932,2018,alfa romeo,giulia,veloce auto,52000,58500.0,sedan,4,2.0,True,petrol,False,False,NSW,/cars/details/2018-alfa-romeo-giulia-veloce-auto/SSE-AD-13291932/?Cr=426
311,SSE-AD-12759144,2013,alfa romeo,giulietta,distinctive jtd-m auto my12,13499,94000.0,hatch,4,2.0,True,diesel,False,False,VIC,/cars/details/2013-alfa-romeo-giulietta-distinctive-jtd-m-auto-my12/SSE-AD-12759144/?Cr=427
312,SSE-AD-12430620,1985,alfa romeo,alfetta,gtv6 manual,70000,70000.0,coupe,6,2.5,False,petrol,False,False,NSW,/cars/details/1985-alfa-romeo-alfetta-gtv6-manual/SSE-AD-12430620/?Cr=428
313,SSE-AD-13280178,2008,alfa romeo,gt,manual,24900,86201.0,coupe,6,3.2,False,petrol,False,False,NSW,/cars/details/2008-alfa-romeo-gt-manual/SSE-AD-13280178/?Cr=429
314,SSE-AD-12328362,2014,alfa romeo,giulietta,progression auto,14000,83000.0,hatch,4,1.4,True,petrol,False,False,SA,/cars/details/2014-alfa-romeo-giulietta-progression-auto/SSE-AD-12328362/?Cr=430
315,SSE-AD-13062427,1998,alfa romeo,gtv,v6 manual,28200,45500.0,coupe,6,3.0,False,petrol,False,False,NSW,/cars/details/1998-alfa-romeo-gtv-v6-manual/SSE-AD-13062427/?Cr=431
316,SSE-AD-13277379,1965,alfa romeo,2600,sprint manual,115000,20053.0,coupe,6,2600.0,False,petrol,False,False,NSW,/cars/details/1965-alfa-romeo-2600-sprint-manual/SSE-AD-13277379/?Cr=432
317,SSE-AD-12433662,2015,alfa romeo,giulietta,quadrifoglio verde auto,34999,30800.0,hatch,4,1.8,True,petrol,False,False,NSW,/cars/details/2015-alfa-romeo-giulietta-quadrifoglio-verde-auto/SSE-AD-12433662/?Cr=433
318,SSE-AD-7302273,2007,alfa romeo,spider,jts v6 auto,39900,85000.0,convertible,6,3.2,False,petrol,False,False,VIC,/cars/details/2007-alfa-romeo-spider-jts-v6-auto/SSE-AD-7302273/?Cr=434
319,SSE-AD-7021498,1972,alfa romeo,spider,manual,64990,39465.0,convertible,4,2.0,False,petrol,False,False,VIC,/cars/details/1972-alfa-romeo-spider-manual/SSE-AD-7021498/?Cr=435
320,SSE-AD-12919266,2019,alfa romeo,giulia,quadrifoglio auto my19,92990,16500.0,sedan,6,2.9,True,petrol,False,False,QLD,/cars/details/2019-alfa-romeo-giulia-quadrifoglio-auto-my19/SSE-AD-12919266/?Cr=436
321,SSE-AD-12950078,2017,alfa romeo,giulia,super auto,55000,76000.0,sedan,4,2.0,True,petrol,False,False,QLD,/cars/details/2017-alfa-romeo-giulia-super-auto/SSE-AD-12950078/?Cr=437
322,SSE-AD-12791226,1998,alfa romeo,gtv,v6 manual,15000,247000.0,coupe,6,3.0,False,petrol,False,False,WA,/cars/details/1998-alfa-romeo-gtv-v6-manual/SSE-AD-12791226/?Cr=438
323,SSE-AD-13274386,1990,alfa romeo,alfa,33 boxer manual,8300,215000.0,hatch,4,1.7,False,petrol,False,False,NSW,/cars/details/1990-alfa-romeo-alfa-33-boxer-manual/SSE-AD-13274386/?Cr=439
324,SSE-AD-13272229,2012,alfa romeo,giulietta,qv manual,14500,86068.0,hatch,4,1.7,True,petrol,False,False,NSW,/cars/details/2012-alfa-romeo-giulietta-qv-manual/SSE-AD-13272229/?Cr=440
325,SSE-AD-12721408,2012,alfa romeo,159,jts ti auto my09,39950,48000.0,sedan,6,3.2,False,petrol,False,False,NSW,/cars/details/2012-alfa-romeo-159-jts-ti-auto-my09/SSE-AD-12721408/?Cr=441
326,SSE-AD-13229528,2011,alfa romeo,159,1750 tbi ti manual,22000,97000.0,sedan,4,1.7,True,petrol,False,False,VIC,/cars/details/2011-alfa-romeo-159-1750-tbi-ti-manual/SSE-AD-13229528/?Cr=442
327,SSE-AD-12940199,2004,alfa romeo,gt,manual,15500,181000.0,coupe,6,3.2,False,petrol,False,False,QLD,/cars/details/2004-alfa-romeo-gt-manual/SSE-AD-12940199/?Cr=443
328,SSE-AD-12003329,1999,alfa romeo,gtv,v6 manual,24000,159000.0,coupe,6,3.0,False,petrol,False,False,VIC,/cars/details/1999-alfa-romeo-gtv-v6-manual/SSE-AD-12003329/?Cr=444
329,SSE-AD-12978381,2020,alfa romeo,giulia,veloce auto my20,55000,12000.0,sedan,4,2.0,True,petrol,False,False,VIC,/cars/details/2020-alfa-romeo-giulia-veloce-auto-my20/SSE-AD-12978381/?Cr=445
330,SSE-AD-13263647,2014,alfa romeo,giulietta,progression auto,10900,74000.0,hatch,4,1.4,True,petrol,False,False,NSW,/cars/details/2014-alfa-romeo-giulietta-progression-auto/SSE-AD-13263647/?Cr=446
331,SSE-AD-12606648,2004,alfa romeo,156,jts manual my04,5600,272000.0,sedan,4,2.0,False,petrol,False,False,VIC,/cars/details/2004-alfa-romeo-156-jts-manual-my04/SSE-AD-12606648/?Cr=447
332,SSE-AD-13135903,2017,alfa romeo,giulia,quadrifoglio auto,110000,29009.0,sedan,6,2.9,True,petrol,False,False,NSW,/cars/details/2017-alfa-romeo-giulia-quadrifoglio-auto/SSE-AD-13135903/?Cr=448
333,SSE-AD-12433260,2004,alfa romeo,156,v6 auto my04,9500,122311.0,sedan,6,2.5,False,petrol,False,False,NSW,/cars/details/2004-alfa-romeo-156-v6-auto-my04/SSE-AD-12433260/?Cr=449
334,SSE-AD-12785158,2007,alfa romeo,159,jtd auto,7888,143000.0,sedan,4,1.9,True,diesel,False,False,ACT,/cars/details/2007-alfa-romeo-159-jtd-auto/SSE-AD-12785158/?Cr=450
335,SSE-AD-13216151,2004,alfa romeo,147,gta manual,35000,67000.0,hatch,6,3.2,False,petrol,False,False,QLD,/cars/details/2004-alfa-romeo-147-gta-manual/SSE-AD-13216151/?Cr=451
336,SSE-AD-12633795,2004,alfa romeo,spider,jts manual my04,10500,111400.0,convertible,4,2.0,False,petrol,False,False,NSW,/cars/details/2004-alfa-romeo-spider-jts-manual-my04/SSE-AD-12633795/?Cr=452
337,SSE-AD-12776663,2009,alfa romeo,gt,jts manual,10000,145754.0,coupe,4,2.0,False,petrol,False,False,VIC,/cars/details/2009-alfa-romeo-gt-jts-manual/SSE-AD-12776663/?Cr=453
338,SSE-AD-13216391,2011,alfa romeo,brera,1750 tbi manual my11,45000,43594.0,coupe,4,1.7,True,petrol,False,False,NSW,/cars/details/2011-alfa-romeo-brera-1750-tbi-manual-my11/SSE-AD-13216391/?Cr=454
339,SSE-AD-12825300,2018,alfa romeo,giulia,veloce auto,60000,13735.0,sedan,4,2.0,True,petrol,False,False,VIC,/cars/details/2018-alfa-romeo-giulia-veloce-auto/SSE-AD-12825300/?Cr=455
340,SSE-AD-12181806,1970,alfa romeo,1750,gt veloce manual,92000,18196.0,coupe,4,1750.0,False,petrol,False,False,WA,/cars/details/1970-alfa-romeo-1750-gt-veloce-manual/SSE-AD-12181806/?Cr=456
341,SSE-AD-12598851,1969,alfa romeo,1750,gt veloce manual,68444,84800.0,coupe,4,1750.0,False,petrol,False,False,NSW,/cars/details/1969-alfa-romeo-1750-gt-veloce-manual/SSE-AD-12598851/?Cr=457
342,SSE-AD-13071749,2009,alfa romeo,mito,sport manual,13000,222000.0,hatch,4,1.4,True,petrol,False,False,NSW,/cars/details/2009-alfa-romeo-mito-sport-manual/SSE-AD-13071749/?Cr=458
343,SSE-AD-12853931,2006,alfa romeo,gt,manual,24000,118500.0,coupe,6,3.2,False,petrol,False,False,WA,/cars/details/2006-alfa-romeo-gt-manual/SSE-AD-12853931/?Cr=459
344,SSE-AD-12909313,2013,alfa romeo,giulietta,distinctive auto my12,12600,75000.0,hatch,4,1.4,True,petrol,False,False,NSW,/cars/details/2013-alfa-romeo-giulietta-distinctive-auto-my12/SSE-AD-12909313/?Cr=460
345,SSE-AD-12959104,1974,alfa romeo,2000,gt veloce manual,89500,92500.0,coupe,4,2000.0,False,petrol,False,False,WA,/cars/details/1974-alfa-romeo-2000-gt-veloce-manual/SSE-AD-12959104/?Cr=461
346,SSE-AD-13226803,1972,alfa romeo,giulia,super manual,63000,100000.0,sedan,4,1600.0,False,petrol,False,False,VIC,/cars/details/1972-alfa-romeo-giulia-super-manual/SSE-AD-13226803/?Cr=462
347,SSE-AD-12908229,2007,alfa romeo,brera,jts manual,13500,135000.0,coupe,4,2.2,False,petrol,False,False,NSW,/cars/details/2007-alfa-romeo-brera-jts-manual/SSE-AD-12908229/?Cr=463
348,SSE-AD-12995567,2021,alfa romeo,stelvio,veloce auto awd my21,84888,10911.0,suv,4,2.0,True,petrol,False,False,SA,/cars/details/2021-alfa-romeo-stelvio-veloce-auto-awd-my21/SSE-AD-12995567/?Cr=464
349,SSE-AD-12349192,1987,alfa romeo,sprint,veloce manual,25000,105000.0,coupe,4,1.5,False,petrol,False,False,NSW,/cars/details/1987-alfa-romeo-sprint-veloce-manual/SSE-AD-12349192/?Cr=465
350,SSE-AD-12230497,2021,alfa romeo,4c,33 stradale tributo auto,206000,28.0,coupe,4,1.7,True,petrol,False,False,VIC,/cars/details/2021-alfa-romeo-4c-33-stradale-tributo-auto/SSE-AD-12230497/?Cr=466
351,SSE-AD-13218793,2017,alfa romeo,stelvio,first edition auto awd,51750,79348.0,suv,4,2.2,True,diesel,False,False,VIC,/cars/details/2017-alfa-romeo-stelvio-first-edition-auto-awd/SSE-AD-13218793/?Cr=467
352,SSE-AD-13209858,2012,alfa romeo,giulietta,distinctive jtd-m auto my12,15999,85958.0,hatch,4,2.0,True,diesel,False,False,VIC,/cars/details/2012-alfa-romeo-giulietta-distinctive-jtd-m-auto-my12/SSE-AD-13209858/?Cr=468
353,SSE-AD-11857283,2007,alfa romeo,brera,jts manual,18000,112440.0,coupe,4,2.2,False,petrol,False,False,NSW,/cars/details/2007-alfa-romeo-brera-jts-manual/SSE-AD-11857283/?Cr=469
354,SSE-AD-13193316,2016,alfa romeo,giulietta,veloce auto,29990,24450.0,hatch,4,1.75,True,petrol,False,False,VIC,/cars/details/2016-alfa-romeo-giulietta-veloce-auto/SSE-AD-13193316/?Cr=470
355,SSE-AD-12313085,2007,alfa romeo,brera,v6 manual,47000,48000.0,coupe,6,3.2,False,petrol,False,False,NSW,/cars/details/2007-alfa-romeo-brera-v6-manual/SSE-AD-12313085/?Cr=471
356,SSE-AD-12880239,1985,alfa romeo,giulietta,manual,12000,175347.0,sedan,4,2.0,False,petrol,False,False,NSW,/cars/details/1985-alfa-romeo-giulietta-manual/SSE-AD-12880239/?Cr=472
357,SSE-AD-12947547,1999,alfa romeo,166,auto,14900,112000.0,sedan,6,3.0,False,petrol,False,False,VIC,/cars/details/1999-alfa-romeo-166-auto/SSE-AD-12947547/?Cr=473
358,SSE-AD-12874366,2016,alfa romeo,giulia,veloce auto,47000,65970.0,sedan,4,2.0,True,petrol,False,False,QLD,/cars/details/2016-alfa-romeo-giulia-veloce-auto/SSE-AD-12874366/?Cr=474
359,SSE-AD-12499655,2013,alfa romeo,giulietta,progression manual my13,13500,89323.0,hatch,4,1.4,True,petrol,False,False,QLD,/cars/details/2013-alfa-romeo-giulietta-progression-manual-my13/SSE-AD-12499655/?Cr=475
360,SSE-AD-13150624,2001,alfa romeo,147,twin spark manual my02,2600,186731.0,hatch,4,2.0,False,petrol,False,False,VIC,/cars/details/2001-alfa-romeo-147-twin-spark-manual-my02/SSE-AD-13150624/?Cr=476
361,SSE-AD-13180803,2010,alfa romeo,gt,100th anniversary manual,37500,95000.0,coupe,6,3.2,False,petrol,False,False,NSW,/cars/details/2010-alfa-romeo-gt-100th-anniversary-manual/SSE-AD-13180803/?Cr=477
362,SSE-AD-13174168,2015,alfa romeo,giulietta,quadrifoglio verde auto,27990,50000.0,hatch,4,1.8,True,petrol,False,False,NSW,/cars/details/2015-alfa-romeo-giulietta-quadrifoglio-verde-auto/SSE-AD-13174168/?Cr=478
363,SSE-AD-12711865,2000,alfa romeo,spider,twin spark luxury manual,18800,69000.0,convertible,4,2.0,False,petrol,False,False,NSW,/cars/details/2000-alfa-romeo-spider-twin-spark-luxury-manual/SSE-AD-12711865/?Cr=479
364,SSE-AD-12899517,2011,alfa romeo,mito,qv manual my10,9500,104000.0,hatch,4,1.4,True,petrol,False,False,NSW,/cars/details/2011-alfa-romeo-mito-qv-manual-my10/SSE-AD-12899517/?Cr=480
365,SSE-AD-12193600,1979,alfa romeo,alfetta,gtv 2000l manual,42000,75000.0,coupe,4,2.0,False,petrol,False,False,SA,/cars/details/1979-alfa-romeo-alfetta-gtv-2000l-manual/SSE-AD-12193600/?Cr=481
366,SSE-AD-12934323,2004,alfa romeo,spider,v6 manual my04,30000,140000.0,convertible,6,3.2,False,petrol,False,False,NSW,/cars/details/2004-alfa-romeo-spider-v6-manual-my04/SSE-AD-12934323/?Cr=482
367,SSE-AD-12853133,2011,alfa romeo,giulietta,qv manual,17500,84000.0,hatch,4,1.7,True,petrol,False,False,WA,/cars/details/2011-alfa-romeo-giulietta-qv-manual/SSE-AD-12853133/?Cr=483
368,SSE-AD-12777483,2019,alfa romeo,giulietta,super auto,37500,18500.0,hatch,4,1.4,True,petrol,False,False,WA,/cars/details/2019-alfa-romeo-giulietta-super-auto/SSE-AD-12777483/?Cr=484
369,SSE-AD-12521470,2019,alfa romeo,giulietta,veloce auto,40000,22205.0,hatch,4,1.75,True,petrol,False,False,SA,/cars/details/2019-alfa-romeo-giulietta-veloce-auto/SSE-AD-12521470/?Cr=485
370,SSE-AD-12691452,2005,alfa romeo,166,auto my04,10000,85000.0,sedan,6,3.0,False,petrol,False,False,QLD,/cars/details/2005-alfa-romeo-166-auto-my04/SSE-AD-12691452/?Cr=486
371,SSE-AD-12832166,2003,alfa romeo,spider,jts manual my04,42000,12000.0,convertible,4,2.0,False,petrol,False,False,NSW,/cars/details/2003-alfa-romeo-spider-jts-manual-my04/SSE-AD-12832166/?Cr=487
372,SSE-AD-7123717,1983,alfa romeo,alfetta,gtv6 manual,40000,99999.0,coupe,6,2.5,False,petrol,False,False,NSW,/cars/details/1983-alfa-romeo-alfetta-gtv6-manual/SSE-AD-7123717/?Cr=488
373,SSE-AD-12496129,2015,alfa romeo,mito,qv manual,19000,42000.0,hatch,4,1.4,True,petrol,False,False,NSW,/cars/details/2015-alfa-romeo-mito-qv-manual/SSE-AD-12496129/?Cr=489
374,SSE-AD-12759692,1968,alfa romeo,1750,gt veloce manual,130000,99999.0,coupe,4,1750.0,False,petrol,False,False,VIC,/cars/details/1968-alfa-romeo-1750-gt-veloce-manual/SSE-AD-12759692/?Cr=490
375,SSE-AD-7220118,2005,alfa romeo,gt,manual,19999,115000.0,coupe,6,3.2,False,petrol,False,False,QLD,/cars/details/2005-alfa-romeo-gt-manual/SSE-AD-7220118/?Cr=491
376,SSE-AD-12820148,2014,alfa romeo,giulietta,progression manual,10000,169000.0,hatch,4,1.4,True,petrol,False,False,NSW,/cars/details/2014-alfa-romeo-giulietta-progression-manual/SSE-AD-12820148/?Cr=492
377,SSE-AD-13121559,2013,alfa romeo,giulietta,distinctive manual my13,14000,68197.0,hatch,4,1.4,True,petrol,False,False,VIC,/cars/details/2013-alfa-romeo-giulietta-distinctive-manual-my13/SSE-AD-13121559/?Cr=493
378,SSE-AD-12504321,2018,alfa romeo,giulietta,veloce auto,39990,29385.0,hatch,4,1.75,True,petrol,False,False,VIC,/cars/details/2018-alfa-romeo-giulietta-veloce-auto/SSE-AD-12504321/?Cr=494
379,SSE-AD-12662738,2009,alfa romeo,mito,manual,4900,179000.0,hatch,4,1.4,True,petrol,False,False,VIC,/cars/details/2009-alfa-romeo-mito-manual/SSE-AD-12662738/?Cr=495
380,SSE-AD-12025963,2015,alfa romeo,giulietta,quadrifoglio verde auto,29890,92180.0,hatch,4,1.8,True,petrol,False,False,VIC,/cars/details/2015-alfa-romeo-giulietta-quadrifoglio-verde-auto/SSE-AD-12025963/?Cr=496
381,SSE-AD-7315482,2012,alfa romeo,mito,qv manual my12,12000,99999.0,hatch,4,1.4,True,petrol,False,False,SA,/cars/details/2012-alfa-romeo-mito-qv-manual-my12/SSE-AD-7315482/?Cr=497
382,SSE-AD-13091218,2008,alfa romeo,brera,jts selespeed auto,16900,151150.0,coupe,4,2.2,False,petrol,False,False,VIC,/cars/details/2008-alfa-romeo-brera-jts-selespeed-auto/SSE-AD-13091218/?Cr=498
383,SSE-AD-12614788,2013,alfa romeo,giulietta,progression manual my13,9000,212509.0,hatch,4,1.4,True,petrol,False,False,VIC,/cars/details/2013-alfa-romeo-giulietta-progression-manual-my13/SSE-AD-12614788/?Cr=499
384,SSE-AD-13093974,2014,alfa romeo,giulietta,qv manual,16500,142000.0,hatch,4,1.7,True,petrol,False,False,VIC,/cars/details/2014-alfa-romeo-giulietta-qv-manual/SSE-AD-13093974/?Cr=500
385,SSE-AD-12171273,2007,alfa romeo,159,jts manual,7500,197000.0,wagon,4,2.2,False,petrol,False,False,SA,/cars/details/2007-alfa-romeo-159-jts-manual/SSE-AD-12171273/?Cr=501
386,SSE-AD-12160111,1985,alfa romeo,giulietta,manual,19500,5000.0,sedan,4,2.0,False,petrol,False,False,ACT,/cars/details/1985-alfa-romeo-giulietta-manual/SSE-AD-12160111/?Cr=502
387,SSE-AD-11870713,2008,alfa romeo,159,jts ti auto,11000,228000.0,wagon,6,3.2,False,petrol,False,False,NSW,/cars/details/2008-alfa-romeo-159-jts-ti-auto/SSE-AD-11870713/?Cr=503
