,title,url,price,km,body_type,matic,petrol,location
0,2017 Alfa Romeo Giulietta Super Auto,/cars/details/2017-alfa-romeo-giulietta-super-auto/OAG-AD-21009111/?Cr=0,"$31,900*","21,547 km",Hatch,Automatic,4cyl 1.4L Turbo Petrol,SA
1,2018 Alfa Romeo Giulia Veloce Auto,/cars/details/2018-alfa-romeo-giulia-veloce-auto/OAG-AD-20997418/?Cr=1,"$57,990*","19,120 km",Sedan,Automatic,4cyl 2.0L Turbo Petrol,VIC
2,2021 Alfa Romeo Stelvio Quadrifoglio Auto AWD MY21,/cars/details/2021-alfa-romeo-stelvio-quadrifoglio-auto-awd-my21/OAG-AD-20505031/?Cr=2,"$176,388",Build date Sep 2021,SUV,Automatic,6cyl 2.9L Turbo Petrol,NSW
3,1966 Alfa Romeo Giulia Super Manual,/cars/details/1966-alfa-romeo-giulia-super-manual/OAG-AD-20409644/?Cr=3,"$89,899*","8,325 km",Sedan,Manual,4cyl 1600L Petrol,SA
4,2015 Alfa Romeo Giulietta Distinctive Auto,/cars/details/2015-alfa-romeo-giulietta-distinctive-auto/OAG-AD-20853662/?Cr=4,"$18,999*","51,565 km",Hatch,Automatic,4cyl 1.4L Turbo Petrol,WA
5,1974 Alfa Romeo 2000 GT Veloce Manual,/cars/details/1974-alfa-romeo-2000-gt-veloce-manual/SSE-AD-12755084/?Cr=5,"$72,500*","87,719 km",Coupe,Manual,4cyl 2000L Petrol,QLD
6,2016 Alfa Romeo Giulia Veloce Auto,/cars/details/2016-alfa-romeo-giulia-veloce-auto/OAG-AD-20603382/?Cr=6,"$46,990","72,317 km",Sedan,Automatic,4cyl 2.0L Turbo Petrol,QLD
7,2021 Alfa Romeo Giulia Sport Auto MY21,/cars/details/2021-alfa-romeo-giulia-sport-auto-my21/OAG-AD-20903449/?Cr=7,"$67,274",Build date Feb 2021,Sedan,Automatic,4cyl 2.0L Turbo Petrol,ACT
8,2017 Alfa Romeo Giulia Quadrifoglio Auto,/cars/details/2017-alfa-romeo-giulia-quadrifoglio-auto/OAG-AD-20822804/?Cr=8,"$105,990*","26,352 km",Sedan,Automatic,6cyl 2.9L Turbo Petrol,NSW
9,2022 Alfa Romeo Giulia Quadrifoglio Auto MY22,/cars/details/2022-alfa-romeo-giulia-quadrifoglio-auto-my22/OAG-AD-20955203/?Cr=9,"$160,351",Build date Apr 2022,Sedan,Automatic,6cyl 2.9L Turbo Petrol,WA
10,2017 Alfa Romeo Giulietta Super Auto,/cars/details/2017-alfa-romeo-giulietta-super-auto/OAG-AD-20794100/?Cr=12,"$32,290*","50,200 km",Hatch,Automatic,4cyl 1.4L Turbo Petrol,NSW
11,2021 Alfa Romeo Stelvio Sport Auto AWD MY21,/cars/details/2021-alfa-romeo-stelvio-sport-auto-awd-my21/OAG-AD-20813439/?Cr=13,"$74,760",Build date Apr 2021,SUV,Automatic,4cyl 2.0L Turbo Petrol,VIC
12,2015 Alfa Romeo Giulietta Distinctive Auto,/cars/details/2015-alfa-romeo-giulietta-distinctive-auto/SSE-AD-13076646/?Cr=14,"$24,500*","32,000 km",Hatch,Automatic,4cyl 1.4L Turbo Petrol,VIC
13,2017 Alfa Romeo Giulia Quadrifoglio Auto,/cars/details/2017-alfa-romeo-giulia-quadrifoglio-auto/OAG-AD-20762221/?Cr=15,"$107,990*","49,203 km",Sedan,Automatic,6cyl 2.9L Turbo Petrol,VIC
14,2022 Alfa Romeo Giulia Veloce Auto MY22,/cars/details/2022-alfa-romeo-giulia-veloce-auto-my22/OAG-AD-21000541/?Cr=16,"$78,900",Build date Apr 2022,Sedan,Automatic,4cyl 2.0L Turbo Petrol,QLD
15,2013 Alfa Romeo Giulietta Distinctive JTD-M Auto MY13,/cars/details/2013-alfa-romeo-giulietta-distinctive-jtd-m-auto-my13/OAG-AD-20822904/?Cr=17,"$14,990*","92,396 km",Hatch,Automatic,4cyl 2.0L Turbo Diesel,NSW
16,2022 Alfa Romeo Giulia Veloce Auto MY22,/cars/details/2022-alfa-romeo-giulia-veloce-auto-my22/OAG-AD-21000495/?Cr=18,"$80,900",Build date Apr 2022,Sedan,Automatic,4cyl 2.0L Turbo Petrol,VIC
17,2022 Alfa Romeo Stelvio Veloce Auto AWD MY22,/cars/details/2022-alfa-romeo-stelvio-veloce-auto-awd-my22/OAG-AD-21000590/?Cr=24,"$95,700",Build date Apr 2022,SUV,Automatic,4cyl 2.0L Turbo Petrol,NSW
18,2022 Alfa Romeo Stelvio Quadrifoglio Auto AWD MY22,/cars/details/2022-alfa-romeo-stelvio-quadrifoglio-auto-awd-my22/OAG-AD-20938344/?Cr=25,"$175,888",Build date Apr 2022,SUV,Automatic,6cyl 2.9L Turbo Petrol,NSW
19,2022 Alfa Romeo Stelvio Veloce Auto AWD MY22,/cars/details/2022-alfa-romeo-stelvio-veloce-auto-awd-my22/OAG-AD-21000672/?Cr=26,"$90,900",Build date Apr 2022,SUV,Automatic,4cyl 2.0L Turbo Petrol,VIC
20,2018 Alfa Romeo 4C Auto,/cars/details/2018-alfa-romeo-4c-auto/OAG-AD-20764332/?Cr=27,"$119,990*","14,765 km",Coupe,Automatic,4cyl 1.7L Turbo Petrol,NSW
21,2022 Alfa Romeo Stelvio Veloce Auto AWD MY22,/cars/details/2022-alfa-romeo-stelvio-veloce-auto-awd-my22/OAG-AD-21000569/?Cr=28,"$93,900",Build date Apr 2022,SUV,Automatic,4cyl 2.0L Turbo Petrol,VIC
22,2021 Alfa Romeo Stelvio Quadrifoglio Auto AWD MY21,/cars/details/2021-alfa-romeo-stelvio-quadrifoglio-auto-awd-my21/OAG-AD-19997457/?Cr=29,"$165,584",Build date Apr 2021,SUV,Automatic,6cyl 2.9L Turbo Petrol,QLD
23,2015 Alfa Romeo Giulietta Quadrifoglio Verde Auto,/cars/details/2015-alfa-romeo-giulietta-quadrifoglio-verde-auto/SSE-AD-13404782/?Cr=36,"$25,900*","64,000 km",Hatch,Automatic,4cyl 1.8L Turbo Petrol,SA
24,2008 Alfa Romeo 147 Selespeed Auto MY05,/cars/details/2008-alfa-romeo-147-selespeed-auto-my05/OAG-AD-21004649/?Cr=37,"$12,999","45,037 km",Hatch,Automatic,4cyl 2.0L Petrol,QLD
25,2019 Alfa Romeo Stelvio Auto AWD,/cars/details/2019-alfa-romeo-stelvio-auto-awd/OAG-AD-20796307/?Cr=38,"$51,888","63,199 km",SUV,Automatic,4cyl 2.2L Turbo Diesel,VIC
26,2022 Alfa Romeo Stelvio Veloce Auto AWD MY22,/cars/details/2022-alfa-romeo-stelvio-veloce-auto-awd-my22/OAG-AD-20931851/?Cr=39,"$94,888",20 km,SUV,Automatic,4cyl 2.0L Turbo Petrol,NSW
27,2005 Alfa Romeo 147 GTA Monza Auto,/cars/details/2005-alfa-romeo-147-gta-monza-auto/SSE-AD-12144911/?Cr=40,"$20,800*","162,000 km",Hatch,Automatic,6cyl 3.2L Petrol,NSW
28,2021 Alfa Romeo Stelvio Veloce Auto AWD MY21,/cars/details/2021-alfa-romeo-stelvio-veloce-auto-awd-my21/OAG-AD-20526005/?Cr=41,"$89,990","2,050 km",SUV,Automatic,4cyl 2.0L Turbo Petrol,VIC
29,2020 Alfa Romeo Giulia Sport Auto MY20,/cars/details/2020-alfa-romeo-giulia-sport-auto-my20/OAG-AD-20892705/?Cr=42,"$66,370",Build date Dec 2020,Sedan,Automatic,4cyl 2.0L Turbo Petrol,QLD
30,2014 Alfa Romeo Giulietta Distinctive Auto,/cars/details/2014-alfa-romeo-giulietta-distinctive-auto/OAG-AD-20787590/?Cr=43,"$11,990","120,001 km",Hatch,Automatic,4cyl 1.4L Turbo Petrol,VIC
31,2019 Alfa Romeo Giulia Quadrifoglio Auto MY19,/cars/details/2019-alfa-romeo-giulia-quadrifoglio-auto-my19/OAG-AD-20694839/?Cr=44,"$103,800","47,500 km",Sedan,Automatic,6cyl 2.9L Turbo Petrol,VIC
32,2018 Alfa Romeo Stelvio Auto AWD,/cars/details/2018-alfa-romeo-stelvio-auto-awd/OAG-AD-20814336/?Cr=45,"$54,888*","38,825 km",SUV,Automatic,4cyl 2.0L Turbo Petrol,VIC
33,2022 Alfa Romeo Stelvio Veloce Auto AWD MY22,/cars/details/2022-alfa-romeo-stelvio-veloce-auto-awd-my22/OAG-AD-20948652/?Cr=46,"$97,990",586 km,SUV,Automatic,4cyl 2.0L Turbo Petrol,VIC
34,2019 Alfa Romeo Stelvio Auto AWD,/cars/details/2019-alfa-romeo-stelvio-auto-awd/OAG-AD-20713341/?Cr=48,"$53,999*","28,740 km",SUV,Automatic,4cyl 2.2L Turbo Diesel,WA
35,2018 Alfa Romeo Giulia Auto,/cars/details/2018-alfa-romeo-giulia-auto/OAG-AD-20927507/?Cr=49,"$39,888","36,585 km",Sedan,Automatic,4cyl 2.0L Turbo Petrol,VIC
36,2018 Alfa Romeo Stelvio Ti Auto AWD,/cars/details/2018-alfa-romeo-stelvio-ti-auto-awd/OAG-AD-20990765/?Cr=50,"$59,800*","41,833 km",SUV,Automatic,4cyl 2.0L Turbo Petrol,QLD
37,1959 Alfa Romeo Giulietta Sprint Manual,/cars/details/1959-alfa-romeo-giulietta-sprint-manual/OAG-AD-20859472/?Cr=51,"$124,995*","28,513 km",Coupe,Manual,4cyl 1.3L Petrol,NSW
38,2011 Alfa Romeo Giulietta QV Manual,/cars/details/2011-alfa-romeo-giulietta-qv-manual/SSE-AD-13181536/?Cr=52,"$10,700*","126,100 km",Hatch,Manual,4cyl 1.7L Turbo Petrol,NSW
39,2015 Alfa Romeo Giulietta Distinctive Auto,/cars/details/2015-alfa-romeo-giulietta-distinctive-auto/OAG-AD-20941523/?Cr=53,"$24,990","109,413 km",Hatch,Automatic,4cyl 1.4L Turbo Petrol,QLD
40,2022 Alfa Romeo Giulia Veloce Auto MY22,/cars/details/2022-alfa-romeo-giulia-veloce-auto-my22/OAG-AD-21000485/?Cr=54,"$83,900",Build date Apr 2022,Sedan,Automatic,4cyl 2.0L Turbo Petrol,SA
41,2021 Alfa Romeo Giulia Sport Auto MY21,/cars/details/2021-alfa-romeo-giulia-sport-auto-my21/OAG-AD-20813401/?Cr=55,"$64,950",Build date Dec 2020,Sedan,Automatic,4cyl 2.0L Turbo Petrol,NSW
42,2017 Alfa Romeo Stelvio First Edition Auto AWD,/cars/details/2017-alfa-romeo-stelvio-first-edition-auto-awd/OAG-AD-20813234/?Cr=56,"$51,900*","60,588 km",SUV,Automatic,4cyl 2.0L Turbo Petrol,WA
43,1965 Alfa Romeo 2600 Sprint Manual,/cars/details/1965-alfa-romeo-2600-sprint-manual/SSE-AD-7320384/?Cr=60,"$135,000*","61,883 km",Coupe,Manual,6cyl 2600L Petrol,WA
44,2014 Alfa Romeo Giulietta Progression Auto,/cars/details/2014-alfa-romeo-giulietta-progression-auto/OAG-AD-20811573/?Cr=61,"$19,990*","92,247 km",Hatch,Automatic,4cyl 1.4L Turbo Petrol,VIC
45,2019 Alfa Romeo Stelvio Quadrifoglio Auto AWD,/cars/details/2019-alfa-romeo-stelvio-quadrifoglio-auto-awd/OAG-AD-20986245/?Cr=62,"$117,990*","22,500 km",SUV,Automatic,6cyl 2.9L Turbo Petrol,WA
46,2022 Alfa Romeo Giulia Veloce Auto MY22,/cars/details/2022-alfa-romeo-giulia-veloce-auto-my22/OAG-AD-20935236/?Cr=63,"$84,855",Build date Apr 2022,Sedan,Automatic,4cyl 2.0L Turbo Petrol,QLD
47,2010 Alfa Romeo MiTo Manual,/cars/details/2010-alfa-romeo-mito-manual/OAG-AD-20866322/?Cr=64,"$8,650*","112,185 km",Hatch,Manual,4cyl 1.4L Turbo Petrol,NSW
48,2022 Alfa Romeo Giulia Veloce Auto MY22,/cars/details/2022-alfa-romeo-giulia-veloce-auto-my22/OAG-AD-21000558/?Cr=65,"$84,900",Build date Apr 2022,Sedan,Automatic,4cyl 2.0L Turbo Petrol,QLD
49,2021 Alfa Romeo Stelvio Veloce Auto AWD MY21,/cars/details/2021-alfa-romeo-stelvio-veloce-auto-awd-my21/OAG-AD-20876371/?Cr=66,"$82,888*","2,975 km",SUV,Automatic,4cyl 2.0L Turbo Petrol,SA
50,2018 Alfa Romeo Stelvio Ti Auto AWD,/cars/details/2018-alfa-romeo-stelvio-ti-auto-awd/OAG-AD-21010441/?Cr=67,"$60,900*","29,727 km",SUV,Automatic,4cyl 2.0L Turbo Petrol,QLD
51,2006 Alfa Romeo 159 JTD Manual,/cars/details/2006-alfa-romeo-159-jtd-manual/SSE-AD-13394445/?Cr=68,"$8,500*","196,000 km",Sedan,Manual,5cyl 2.4L Turbo Diesel,QLD
52,2017 Alfa Romeo Giulia Super Auto,/cars/details/2017-alfa-romeo-giulia-super-auto/OAG-AD-20964666/?Cr=69,"$38,800*","72,300 km",Sedan,Automatic,4cyl 2.0L Turbo Petrol,NSW
53,2021 Alfa Romeo Stelvio Veloce Auto AWD MY21,/cars/details/2021-alfa-romeo-stelvio-veloce-auto-awd-my21/OAG-AD-20233839/?Cr=72,"$77,990",200 km,SUV,Automatic,4cyl 2.0L Turbo Petrol,QLD
54,2013 Alfa Romeo Giulietta Distinctive Auto MY12,/cars/details/2013-alfa-romeo-giulietta-distinctive-auto-my12/OAG-AD-20968927/?Cr=73,"$17,590*","35,030 km",Hatch,Automatic,4cyl 1.4L Turbo Petrol,QLD
55,2013 Alfa Romeo MiTo Progression Auto,/cars/details/2013-alfa-romeo-mito-progression-auto/OAG-AD-20613982/?Cr=74,"$11,850","66,469 km",Hatch,Automatic,4cyl 1.4L Turbo Petrol,VIC
56,2019 Alfa Romeo Stelvio Quadrifoglio Auto AWD,/cars/details/2019-alfa-romeo-stelvio-quadrifoglio-auto-awd/OAG-AD-20920459/?Cr=75,"$116,980*","5,565 km",SUV,Automatic,6cyl 2.9L Turbo Petrol,SA
57,1970 Alfa Romeo 1750 GT Veloce Manual,/cars/details/1970-alfa-romeo-1750-gt-veloce-manual/OAG-AD-20905677/?Cr=76,"$149,995*","91,947 km",Coupe,Manual,4cyl 1750L Petrol,NSW
58,2022 Alfa Romeo Stelvio Veloce Auto AWD MY22,/cars/details/2022-alfa-romeo-stelvio-veloce-auto-awd-my22/OAG-AD-20867517/?Cr=77,Enquire for price*,SUV,Automatic,4cyl 2.0L Turbo Petrol,4cyl 1.4L Turbo Petrol,VIC
59,2015 Alfa Romeo MiTo Distinctive Auto,/cars/details/2015-alfa-romeo-mito-distinctive-auto/OAG-AD-20965761/?Cr=78,"$15,500*","40,970 km",Hatch,Automatic,4cyl 2.0L Turbo Petrol,QLD
60,2022 Alfa Romeo Stelvio Veloce Auto AWD MY22,/cars/details/2022-alfa-romeo-stelvio-veloce-auto-awd-my22/OAG-AD-20939406/?Cr=79,"$96,291",Build date Apr 2022,SUV,Automatic,4cyl 2.0L Turbo Petrol,SA
61,2021 Alfa Romeo Stelvio Veloce Auto AWD MY21,/cars/details/2021-alfa-romeo-stelvio-veloce-auto-awd-my21/OAG-AD-20957746/?Cr=80,"$87,900",786 km,SUV,Automatic,4cyl 2.0L Turbo Petrol,VIC
62,2018 Alfa Romeo Giulia Veloce Auto,/cars/details/2018-alfa-romeo-giulia-veloce-auto/SSE-AD-13315362/?Cr=81,"$55,000*","48,436 km",Sedan,Automatic,4cyl 2.0L Turbo Petrol,SA
63,2022 Alfa Romeo Giulia Quadrifoglio Auto MY22,/cars/details/2022-alfa-romeo-giulia-quadrifoglio-auto-my22/SHRM-AD-6293477/?Cr=84,"$166,478",Sedan,Automatic,6cyl 2.9L Turbo Petrol,4cyl 1.4L Turbo Petrol,SA
64,2016 Alfa Romeo Giulietta Progression Manual,/cars/details/2016-alfa-romeo-giulietta-progression-manual/SSE-AD-6106374/?Cr=85,"$23,700*","30,000 km",Hatch,Manual,4cyl 2.0L Turbo Petrol,VIC
65,2022 Alfa Romeo Stelvio Quadrifoglio Auto AWD MY22,/cars/details/2022-alfa-romeo-stelvio-quadrifoglio-auto-awd-my22/SHRM-AD-6293467/?Cr=86,"$181,738",SUV,Automatic,6cyl 2.9L Turbo Petrol,4cyl 2.0L Turbo Petrol,TAS
66,2021 Alfa Romeo Giulia Sport Auto MY21,/cars/details/2021-alfa-romeo-giulia-sport-auto-my21/SHRM-AD-6287234/?Cr=87,"$73,086",Sedan,Automatic,4cyl 2.0L Turbo Petrol,4cyl 1.75L Turbo Petrol,NSW
67,2021 Alfa Romeo Stelvio Sport Auto AWD MY21,/cars/details/2021-alfa-romeo-stelvio-sport-auto-awd-my21/OAG-AD-20567969/?Cr=88,"$74,990","1,753 km",SUV,Automatic,4cyl 1.7L Turbo Petrol,VIC
68,2022 Alfa Romeo Giulia Veloce Auto MY22,/cars/details/2022-alfa-romeo-giulia-veloce-auto-my22/OAG-AD-20948862/?Cr=89,"$86,990",Build date Apr 2022,Sedan,Automatic,6cyl 3.0L Petrol,NSW
69,2016 Alfa Romeo Giulietta Veloce Auto,/cars/details/2016-alfa-romeo-giulietta-veloce-auto/OAG-AD-20990250/?Cr=90,"$31,990*","79,880 km",Hatch,Automatic,6cyl 3.0L Petrol,VIC
70,2021 Alfa Romeo Giulia Veloce Auto MY21,/cars/details/2021-alfa-romeo-giulia-veloce-auto-my21/SHRM-AD-6287226/?Cr=96,"$81,631",Sedan,Automatic,4cyl 2.0L Turbo Petrol,4cyl 2.0L Turbo Petrol,NSW
71,2016 Alfa Romeo Giulia Super Auto,/cars/details/2016-alfa-romeo-giulia-super-auto/OAG-AD-20613715/?Cr=97,"$49,990*","16,279 km",Sedan,Automatic,6cyl 3.2L Petrol,NSW
72,2004 Alfa Romeo 147 GTA Selespeed Auto,/cars/details/2004-alfa-romeo-147-gta-selespeed-auto/SSE-AD-12262506/?Cr=98,"$17,000*","173,500 km",Hatch,Automatic,4cyl 2.0L Turbo Petrol,VIC
73,2021 Alfa Romeo Giulia Sport Auto MY21,/cars/details/2021-alfa-romeo-giulia-sport-auto-my21/OAG-AD-20617454/?Cr=99,"$71,990","4,779 km",Sedan,Automatic,6cyl 2.9L Turbo Petrol,NSW
74,2022 Alfa Romeo Giulia Veloce Auto MY22,/cars/details/2022-alfa-romeo-giulia-veloce-auto-my22/SHRM-AD-594544/?Cr=100,"$81,253",Sedan,Automatic,4cyl 2.0L Turbo Petrol,4cyl 2.2L Petrol,VIC
75,2017 Alfa Romeo Giulia Quadrifoglio Auto,/cars/details/2017-alfa-romeo-giulia-quadrifoglio-auto/SSE-AD-13391503/?Cr=101,"$99,000*","48,000 km",Sedan,Automatic,4cyl 1.4L Turbo Petrol,TAS
76,2022 Alfa Romeo Giulia Quadrifoglio Auto MY22,/cars/details/2022-alfa-romeo-giulia-quadrifoglio-auto-my22/SHRM-AD-6293473/?Cr=108,"$168,658",Sedan,Automatic,6cyl 2.9L Turbo Petrol,4cyl 1.75L Turbo Petrol,VIC
77,2017 Alfa Romeo Giulietta Veloce Auto,/cars/details/2017-alfa-romeo-giulietta-veloce-auto/SSE-AD-13396574/?Cr=109,"$32,500*","75,600 km",Hatch,Automatic,4cyl 1.7L Turbo Petrol,WA
78,2021 Alfa Romeo Giulia Sport Auto MY21,/cars/details/2021-alfa-romeo-giulia-sport-auto-my21/SHRM-AD-6287233/?Cr=110,"$73,086",Sedan,Automatic,4cyl 2.0L Turbo Petrol,4cyl 2.0L Turbo Petrol,VIC
79,2021 Alfa Romeo Giulia Veloce Auto MY21,/cars/details/2021-alfa-romeo-giulia-veloce-auto-my21/SHRM-AD-6287227/?Cr=111,"$81,631",Sedan,Automatic,4cyl 2.0L Turbo Petrol,4cyl 2.0L Turbo Petrol,QLD
80,2021 Alfa Romeo Stelvio Sport Auto AWD MY21,/cars/details/2021-alfa-romeo-stelvio-sport-auto-awd-my21/SHRM-AD-6287277/?Cr=120,"$79,836",SUV,Automatic,4cyl 2.0L Turbo Petrol,6cyl 2.9L Turbo Petrol,VIC
81,2021 Alfa Romeo Stelvio Sport Auto AWD MY21,/cars/details/2021-alfa-romeo-stelvio-sport-auto-awd-my21/SHRM-AD-6287275/?Cr=121,"$79,836",SUV,Automatic,4cyl 2.0L Turbo Petrol,6cyl 2.9L Turbo Petrol,NSW
82,2019 Alfa Romeo Stelvio Quadrifoglio Auto AWD,/cars/details/2019-alfa-romeo-stelvio-quadrifoglio-auto-awd/OAG-AD-20929458/?Cr=122,"$106,705","63,120 km",SUV,Automatic,4cyl 1.8L Turbo Petrol,NSW
83,2017 Alfa Romeo Giulia Quadrifoglio Auto,/cars/details/2017-alfa-romeo-giulia-quadrifoglio-auto/OAG-AD-20666174/?Cr=123,"$89,888*","75,149 km",Sedan,Automatic,4cyl 1.75L Turbo Petrol,VIC
84,2015 Alfa Romeo Giulietta Quadrifoglio Verde Auto,/cars/details/2015-alfa-romeo-giulietta-quadrifoglio-verde-auto/OAG-AD-20989517/?Cr=124,"$23,888*","72,738 km",Hatch,Automatic,4cyl 2.0L Petrol,NSW
85,2017 Alfa Romeo Giulietta Veloce Auto,/cars/details/2017-alfa-romeo-giulietta-veloce-auto/OAG-AD-20556859/?Cr=125,"$27,888","82,601 km",Hatch,Automatic,6cyl 3.2L Petrol,VIC
86,2021 Alfa Romeo Giulia Quadrifoglio Auto MY21,/cars/details/2021-alfa-romeo-giulia-quadrifoglio-auto-my21/SHRM-AD-6287222/?Cr=126,"$154,827",Sedan,Automatic,6cyl 2.9L Turbo Petrol,4cyl 2.2L Petrol,VIC
87,2021 Alfa Romeo Stelvio Quadrifoglio Auto AWD MY21,/cars/details/2021-alfa-romeo-stelvio-quadrifoglio-auto-awd-my21/SHRM-AD-6287267/?Cr=132,"$168,757",SUV,Automatic,6cyl 2.9L Turbo Petrol,4cyl 2.0L Turbo Petrol,NSW
88,2022 Alfa Romeo Stelvio Quadrifoglio Auto AWD MY22,/cars/details/2022-alfa-romeo-stelvio-quadrifoglio-auto-awd-my22/SHRM-AD-6293469/?Cr=133,"$177,378",SUV,Automatic,6cyl 2.9L Turbo Petrol,4cyl 1.5L Petrol,ACT
89,2021 Alfa Romeo Giulia Quadrifoglio Auto MY21,/cars/details/2021-alfa-romeo-giulia-quadrifoglio-auto-my21/SHRM-AD-6287218/?Cr=144,"$156,753",Sedan,Automatic,6cyl 2.9L Turbo Petrol,4cyl 1.4L Turbo Petrol,VIC
90,2021 Alfa Romeo Giulia Sport Auto MY21,/cars/details/2021-alfa-romeo-giulia-sport-auto-my21/SHRM-AD-6287230/?Cr=145,"$73,086",Sedan,Automatic,4cyl 2.0L Turbo Petrol,4cyl 1.7L Turbo Petrol,VIC
91,2021 Alfa Romeo Giulia Veloce Auto MY21,/cars/details/2021-alfa-romeo-giulia-veloce-auto-my21/SHRM-AD-6287225/?Cr=146,"$81,631",Sedan,Automatic,4cyl 2.0L Turbo Petrol,4cyl 2.0L Turbo Petrol,VIC
92,2015 Alfa Romeo Giulietta Distinctive Auto,/cars/details/2015-alfa-romeo-giulietta-distinctive-auto/OAG-AD-20870563/?Cr=147,"$22,690*","59,021 km",Hatch,Automatic,4cyl 2000L Petrol,NSW
93,2021 Alfa Romeo Stelvio Veloce Auto AWD MY21,/cars/details/2021-alfa-romeo-stelvio-veloce-auto-awd-my21/SHRM-AD-6287272/?Cr=156,"$89,953",SUV,Automatic,4cyl 2.0L Turbo Petrol,4cyl 2.2L Petrol,VIC
94,2021 Alfa Romeo Giulia Sport Auto MY21,/cars/details/2021-alfa-romeo-giulia-sport-auto-my21/SHRM-AD-6287236/?Cr=157,"$71,643",Sedan,Automatic,4cyl 2.0L Turbo Petrol,4cyl 1.8L Turbo Petrol,ACT
95,2021 Alfa Romeo Stelvio Quadrifoglio Auto AWD MY21,/cars/details/2021-alfa-romeo-stelvio-quadrifoglio-auto-awd-my21/SHRM-AD-6287271/?Cr=158,"$166,427",SUV,Automatic,6cyl 2.9L Turbo Petrol,4cyl 1750L Petrol,QLD
96,2021 Alfa Romeo Giulia Sport Auto MY21,/cars/details/2021-alfa-romeo-giulia-sport-auto-my21/SHRM-AD-6287231/?Cr=159,"$73,086",Sedan,Automatic,4cyl 2.0L Turbo Petrol,4cyl 1.4L Turbo Petrol,NSW
97,2021 Alfa Romeo Stelvio Sport Auto AWD MY21,/cars/details/2021-alfa-romeo-stelvio-sport-auto-awd-my21/SHRM-AD-6287281/?Cr=168,"$78,084",SUV,Automatic,4cyl 2.0L Turbo Petrol,4cyl 2.0L Turbo Petrol,QLD
98,2018 Alfa Romeo Giulia Veloce Auto,/cars/details/2018-alfa-romeo-giulia-veloce-auto/OAG-AD-20647026/?Cr=169,"$54,990*","24,497 km",Sedan,Automatic,4cyl 1.4L Turbo Petrol,NSW
99,2021 Alfa Romeo Stelvio Veloce Auto AWD MY21,/cars/details/2021-alfa-romeo-stelvio-veloce-auto-awd-my21/SHRM-AD-6287273/?Cr=170,"$89,953",SUV,Automatic,4cyl 2.0L Turbo Petrol,4cyl 1.4L Turbo Petrol,VIC
100,2022 Alfa Romeo Stelvio Quadrifoglio Auto AWD MY22,/cars/details/2022-alfa-romeo-stelvio-quadrifoglio-auto-awd-my22/SHRM-AD-6293466/?Cr=171,"$179,726",SUV,Automatic,6cyl 2.9L Turbo Petrol,4cyl 2.0L Turbo Petrol,QLD
101,2022 Alfa Romeo Stelvio Quadrifoglio Auto AWD MY22,/cars/details/2022-alfa-romeo-stelvio-quadrifoglio-auto-awd-my22/SHRM-AD-6293468/?Cr=172,"$179,726",SUV,Automatic,6cyl 2.9L Turbo Petrol,6cyl 2.9L Turbo Petrol,VIC
102,2015 Alfa Romeo MiTo Distinctive Auto,/cars/details/2015-alfa-romeo-mito-distinctive-auto/SSE-AD-13215607/?Cr=173,"$15,999*","32,790 km",Hatch,Automatic,4cyl 2.0L Turbo Petrol,VIC
103,2018 Alfa Romeo Stelvio Auto AWD,/cars/details/2018-alfa-romeo-stelvio-auto-awd/OAG-AD-20710833/?Cr=180,"$52,890*","43,956 km",SUV,Automatic,4cyl 2.0L Turbo Petrol,QLD
104,2018 Alfa Romeo Giulietta Veloce Auto,/cars/details/2018-alfa-romeo-giulietta-veloce-auto/OAG-AD-20727255/?Cr=181,"$37,190*","25,173 km",Hatch,Automatic,4cyl 1.75L Turbo Petrol,VIC
105,2017 Alfa Romeo Giulietta Veloce Auto,/cars/details/2017-alfa-romeo-giulietta-veloce-auto/OAG-AD-20940406/?Cr=182,"$29,800*","64,329 km",Hatch,Automatic,4cyl 1.75L Turbo Petrol,VIC
106,2022 Alfa Romeo Stelvio Veloce Auto AWD MY22,/cars/details/2022-alfa-romeo-stelvio-veloce-auto-awd-my22/OAG-AD-20948403/?Cr=183,"$95,990",120 km,SUV,Automatic,4cyl 2.0L Turbo Petrol,VIC
107,2015 Alfa Romeo Giulietta Quadrifoglio Verde Launch Edition Auto,/cars/details/2015-alfa-romeo-giulietta-quadrifoglio-verde-launch-edition-auto/OAG-AD-20963734/?Cr=184,"$29,990","60,763 km",Hatch,Automatic,4cyl 1.8L Turbo Petrol,VIC
108,2011 Alfa Romeo Brera 1750 TBi Manual MY11,/cars/details/2011-alfa-romeo-brera-1750-tbi-manual-my11/SSE-AD-13018716/?Cr=185,"$42,000*","25,000 km",Coupe,Manual,4cyl 1.7L Turbo Petrol,VIC
109,2017 Alfa Romeo Giulia Veloce Auto,/cars/details/2017-alfa-romeo-giulia-veloce-auto/OAG-AD-20854400/?Cr=186,"$54,888","44,658 km",Sedan,Automatic,4cyl 2.0L Turbo Petrol,VIC
110,2022 Alfa Romeo Stelvio Veloce Auto AWD MY22,/cars/details/2022-alfa-romeo-stelvio-veloce-auto-awd-my22/OAG-AD-20948404/?Cr=187,"$99,990",20 km,SUV,Automatic,4cyl 2.0L Turbo Petrol,VIC
111,2013 Alfa Romeo Giulietta Progression Auto MY13,/cars/details/2013-alfa-romeo-giulietta-progression-auto-my13/OAG-AD-20854074/?Cr=188,"$14,990*","85,996 km",Hatch,Automatic,4cyl 1.4L Turbo Petrol,VIC
112,2021 Alfa Romeo Stelvio Veloce Auto AWD MY21,/cars/details/2021-alfa-romeo-stelvio-veloce-auto-awd-my21/OAG-AD-20495407/?Cr=189,"$95,990",20 km,SUV,Automatic,4cyl 2.0L Turbo Petrol,VIC
113,2017 Alfa Romeo Giulia Quadrifoglio Auto,/cars/details/2017-alfa-romeo-giulia-quadrifoglio-auto/OAG-AD-20742108/?Cr=192,"$99,888*","58,200 km",Sedan,Automatic,6cyl 2.9L Turbo Petrol,NSW
114,2022 Alfa Romeo Stelvio Veloce Auto AWD MY22,/cars/details/2022-alfa-romeo-stelvio-veloce-auto-awd-my22/OAG-AD-20949068/?Cr=193,"$97,490",Build date Apr 2022,SUV,Automatic,4cyl 2.0L Turbo Petrol,WA
115,2022 Alfa Romeo Stelvio Veloce Auto AWD MY22,/cars/details/2022-alfa-romeo-stelvio-veloce-auto-awd-my22/OAG-AD-20961435/?Cr=194,"$99,990",Build date Apr 2022,SUV,Automatic,4cyl 2.0L Turbo Petrol,VIC
116,2021 Alfa Romeo Stelvio Veloce Auto AWD MY21,/cars/details/2021-alfa-romeo-stelvio-veloce-auto-awd-my21/OAG-AD-20217395/?Cr=195,"$84,990","1,077 km",SUV,Automatic,4cyl 2.0L Turbo Petrol,VIC
117,2022 Alfa Romeo Stelvio Veloce Auto AWD MY22,/cars/details/2022-alfa-romeo-stelvio-veloce-auto-awd-my22/OAG-AD-20948840/?Cr=196,"$97,490",Build date Apr 2022,SUV,Automatic,4cyl 2.0L Turbo Petrol,VIC
118,2021 Alfa Romeo Giulia Veloce Auto MY21,/cars/details/2021-alfa-romeo-giulia-veloce-auto-my21/OAG-AD-20182869/?Cr=197,"$75,990","6,647 km",Sedan,Automatic,4cyl 2.0L Turbo Petrol,VIC
119,2022 Alfa Romeo Stelvio Veloce Auto AWD MY22,/cars/details/2022-alfa-romeo-stelvio-veloce-auto-awd-my22/OAG-AD-20969969/?Cr=198,"$98,637",Build date May 2022,SUV,Automatic,4cyl 2.0L Turbo Petrol,VIC
120,2022 Alfa Romeo Stelvio Veloce Auto AWD MY22,/cars/details/2022-alfa-romeo-stelvio-veloce-auto-awd-my22/OAG-AD-20961427/?Cr=204,"$97,490",Build date May 2022,SUV,Automatic,4cyl 2.0L Turbo Petrol,VIC
121,2021 Alfa Romeo Stelvio Veloce Auto AWD MY21,/cars/details/2021-alfa-romeo-stelvio-veloce-auto-awd-my21/OAG-AD-20536419/?Cr=205,"$95,990","1,454 km",SUV,Automatic,4cyl 2.0L Turbo Petrol,VIC
122,2018 Alfa Romeo Giulietta Veloce Auto,/cars/details/2018-alfa-romeo-giulietta-veloce-auto/SSE-AD-13390712/?Cr=206,"$39,000*","47,245 km",Hatch,Automatic,4cyl 1.75L Turbo Petrol,VIC
123,2021 Alfa Romeo Stelvio Veloce Auto AWD MY21,/cars/details/2021-alfa-romeo-stelvio-veloce-auto-awd-my21/OAG-AD-20771743/?Cr=207,"$91,450","3,689 km",SUV,Automatic,4cyl 2.0L Turbo Petrol,VIC
124,2021 Alfa Romeo Stelvio Veloce Auto AWD MY21,/cars/details/2021-alfa-romeo-stelvio-veloce-auto-awd-my21/OAG-AD-20283947/?Cr=208,"$94,990","6,001 km",SUV,Automatic,4cyl 2.0L Turbo Petrol,QLD
125,2005 Alfa Romeo 147 GTA Manual,/cars/details/2005-alfa-romeo-147-gta-manual/SSE-AD-7339255/?Cr=209,"$21,000*","128,000 km",Hatch,Manual,6cyl 3.2L Petrol,VIC
126,2021 Alfa Romeo Giulia Sport Auto MY21,/cars/details/2021-alfa-romeo-giulia-sport-auto-my21/OAG-AD-20609163/?Cr=210,"$71,990","7,136 km",Sedan,Automatic,4cyl 2.0L Turbo Petrol,VIC
127,2021 Alfa Romeo Stelvio Veloce Auto AWD MY21,/cars/details/2021-alfa-romeo-stelvio-veloce-auto-awd-my21/OAG-AD-20454877/?Cr=211,"$95,990","1,400 km",SUV,Automatic,4cyl 2.0L Turbo Petrol,VIC
128,2021 Alfa Romeo Stelvio Veloce Auto AWD MY21,/cars/details/2021-alfa-romeo-stelvio-veloce-auto-awd-my21/OAG-AD-20983053/?Cr=212,"$95,990",20 km,SUV,Automatic,4cyl 2.0L Turbo Petrol,ACT
129,2004 Alfa Romeo 156 V6 Manual MY04,/cars/details/2004-alfa-romeo-156-v6-manual-my04/SSE-AD-13383750/?Cr=213,"$5,000*","273,500 km",Sedan,Manual,6cyl 2.5L Petrol,VIC
130,2021 Alfa Romeo Stelvio Sport Auto AWD MY21,/cars/details/2021-alfa-romeo-stelvio-sport-auto-awd-my21/OAG-AD-20568556/?Cr=214,"$76,990","2,100 km",SUV,Automatic,4cyl 2.0L Turbo Petrol,VIC
131,2013 Alfa Romeo Giulietta Distinctive Auto MY13,/cars/details/2013-alfa-romeo-giulietta-distinctive-auto-my13/OAG-AD-20912702/?Cr=216,"$17,990","78,643 km",Hatch,Automatic,4cyl 1.4L Turbo Petrol,VIC
132,2021 Alfa Romeo Giulia Sport Auto MY21,/cars/details/2021-alfa-romeo-giulia-sport-auto-my21/OAG-AD-20856187/?Cr=217,"$70,990","1,580 km",Sedan,Automatic,4cyl 2.0L Turbo Petrol,VIC
133,2021 Alfa Romeo Stelvio Sport Auto AWD MY21,/cars/details/2021-alfa-romeo-stelvio-sport-auto-awd-my21/OAG-AD-20617591/?Cr=218,"$75,990","6,181 km",SUV,Automatic,4cyl 2.0L Turbo Petrol,VIC
134,2021 Alfa Romeo Stelvio Veloce Auto AWD MY21,/cars/details/2021-alfa-romeo-stelvio-veloce-auto-awd-my21/OAG-AD-20826853/?Cr=219,"$95,990",20 km,SUV,Automatic,4cyl 2.0L Turbo Petrol,VIC
135,2018 Alfa Romeo Stelvio Quadrifoglio Auto AWD,/cars/details/2018-alfa-romeo-stelvio-quadrifoglio-auto-awd/OAG-AD-20912459/?Cr=220,"$114,990","35,000 km",SUV,Automatic,6cyl 2.9L Turbo Petrol,VIC
136,2021 Alfa Romeo Stelvio Sport Auto AWD MY21,/cars/details/2021-alfa-romeo-stelvio-sport-auto-awd-my21/OAG-AD-20572421/?Cr=221,"$74,990",128 km,SUV,Automatic,4cyl 2.0L Turbo Petrol,VIC
137,2017 Alfa Romeo Giulietta Veloce Auto,/cars/details/2017-alfa-romeo-giulietta-veloce-auto/OAG-AD-20970276/?Cr=222,"$30,990","61,114 km",Hatch,Automatic,4cyl 1.75L Turbo Petrol,VIC
138,2021 Alfa Romeo Stelvio Veloce Auto AWD MY21,/cars/details/2021-alfa-romeo-stelvio-veloce-auto-awd-my21/OAG-AD-20451421/?Cr=223,"$95,990","4,435 km",SUV,Automatic,4cyl 2.0L Turbo Petrol,VIC
139,2018 Alfa Romeo Stelvio Ti Auto AWD,/cars/details/2018-alfa-romeo-stelvio-ti-auto-awd/OAG-AD-20611044/?Cr=224,"$58,830*","31,192 km",SUV,Automatic,4cyl 2.0L Turbo Petrol,ACT
140,2021 Alfa Romeo Stelvio Quadrifoglio Auto AWD MY21,/cars/details/2021-alfa-romeo-stelvio-quadrifoglio-auto-awd-my21/OAG-AD-20380565/?Cr=225,"$155,000","10,560 km",SUV,Automatic,6cyl 2.9L Turbo Petrol,VIC
141,2021 Alfa Romeo Stelvio Sport Auto AWD MY21,/cars/details/2021-alfa-romeo-stelvio-sport-auto-awd-my21/OAG-AD-20608303/?Cr=226,"$77,990",695 km,SUV,Automatic,4cyl 2.0L Turbo Petrol,VIC
142,2021 Alfa Romeo Stelvio Veloce Auto AWD MY21,/cars/details/2021-alfa-romeo-stelvio-veloce-auto-awd-my21/OAG-AD-20490281/?Cr=228,"$89,990","7,480 km",SUV,Automatic,4cyl 2.0L Turbo Petrol,VIC
143,2021 Alfa Romeo Stelvio Sport Auto AWD MY21,/cars/details/2021-alfa-romeo-stelvio-sport-auto-awd-my21/OAG-AD-20568343/?Cr=229,"$74,990","5,200 km",SUV,Automatic,4cyl 2.0L Turbo Petrol,VIC
144,2007 Alfa Romeo Brera JTS Manual,/cars/details/2007-alfa-romeo-brera-jts-manual/SSE-AD-13052806/?Cr=230,"$14,900*","78,000 km",Coupe,Manual,4cyl 2.2L Petrol,NSW
145,2021 Alfa Romeo Stelvio Veloce Auto AWD MY21,/cars/details/2021-alfa-romeo-stelvio-veloce-auto-awd-my21/OAG-AD-20285595/?Cr=231,"$91,990","2,568 km",SUV,Automatic,4cyl 2.0L Turbo Petrol,VIC
146,2022 Alfa Romeo Giulia Veloce Auto MY22,/cars/details/2022-alfa-romeo-giulia-veloce-auto-my22/OAG-AD-20961441/?Cr=232,"$86,990",Build date Apr 2022,Sedan,Automatic,4cyl 2.0L Turbo Petrol,VIC
147,2021 Alfa Romeo Stelvio Veloce Auto AWD MY21,/cars/details/2021-alfa-romeo-stelvio-veloce-auto-awd-my21/OAG-AD-20536485/?Cr=233,"$94,990",4 km,SUV,Automatic,4cyl 2.0L Turbo Petrol,VIC
148,2022 Alfa Romeo Stelvio Veloce Auto AWD MY22,/cars/details/2022-alfa-romeo-stelvio-veloce-auto-awd-my22/OAG-AD-20961423/?Cr=234,"$99,990",Build date Apr 2022,SUV,Automatic,4cyl 2.0L Turbo Petrol,VIC
149,2021 Alfa Romeo Stelvio Veloce Auto AWD MY21,/cars/details/2021-alfa-romeo-stelvio-veloce-auto-awd-my21/OAG-AD-20536291/?Cr=235,"$95,990","4,316 km",SUV,Automatic,4cyl 2.0L Turbo Petrol,VIC
150,2021 Alfa Romeo Stelvio Sport Auto AWD MY21,/cars/details/2021-alfa-romeo-stelvio-sport-auto-awd-my21/OAG-AD-20636679/?Cr=236,"$79,490","1,769 km",SUV,Automatic,4cyl 2.0L Turbo Petrol,NSW
151,2021 Alfa Romeo Stelvio Quadrifoglio Auto AWD MY21,/cars/details/2021-alfa-romeo-stelvio-quadrifoglio-auto-awd-my21/OAG-AD-20283957/?Cr=237,"$159,990","3,560 km",SUV,Automatic,6cyl 2.9L Turbo Petrol,TAS
152,2022 Alfa Romeo Giulia Veloce Auto MY22,/cars/details/2022-alfa-romeo-giulia-veloce-auto-my22/OAG-AD-20969629/?Cr=240,"$87,331",Build date Apr 2022,Sedan,Automatic,4cyl 2.0L Turbo Petrol,VIC
153,2013 Alfa Romeo Giulietta Progression Auto MY13,/cars/details/2013-alfa-romeo-giulietta-progression-auto-my13/OAG-AD-20631554/?Cr=241,"$18,990","55,355 km",Hatch,Automatic,4cyl 1.4L Turbo Petrol,VIC
154,2021 Alfa Romeo Giulia Sport Auto MY21,/cars/details/2021-alfa-romeo-giulia-sport-auto-my21/OAG-AD-20617450/?Cr=242,"$65,990","3,565 km",Sedan,Automatic,4cyl 2.0L Turbo Petrol,NSW
155,2011 Alfa Romeo MiTo QV Manual MY10,/cars/details/2011-alfa-romeo-mito-qv-manual-my10/SSE-AD-13390516/?Cr=243,"$8,500*","94,000 km",Hatch,Manual,4cyl 1.4L Turbo Petrol,WA
156,2022 Alfa Romeo Stelvio Veloce Auto AWD MY22,/cars/details/2022-alfa-romeo-stelvio-veloce-auto-awd-my22/OAG-AD-20969630/?Cr=244,"$95,138",Build date Apr 2022,SUV,Automatic,4cyl 2.0L Turbo Petrol,VIC
157,2021 Alfa Romeo Giulia Sport Auto MY21,/cars/details/2021-alfa-romeo-giulia-sport-auto-my21/OAG-AD-20858955/?Cr=245,"$64,950","1,140 km",Sedan,Automatic,4cyl 2.0L Turbo Petrol,WA
158,2022 Alfa Romeo Stelvio Veloce Auto AWD MY22,/cars/details/2022-alfa-romeo-stelvio-veloce-auto-awd-my22/OAG-AD-20948844/?Cr=246,"$97,490",Build date Apr 2022,SUV,Automatic,4cyl 2.0L Turbo Petrol,VIC
159,2014 Alfa Romeo Giulietta Distinctive JTD-M Auto,/cars/details/2014-alfa-romeo-giulietta-distinctive-jtd-m-auto/OAG-AD-20819505/?Cr=247,"$13,990*","118,704 km",Hatch,Automatic,4cyl 2.0L Turbo Diesel,VIC
160,2021 Alfa Romeo Stelvio Veloce Auto AWD MY21,/cars/details/2021-alfa-romeo-stelvio-veloce-auto-awd-my21/OAG-AD-20312534/?Cr=248,"$79,990","6,070 km",SUV,Automatic,4cyl 2.0L Turbo Petrol,NSW
161,2022 Alfa Romeo Stelvio Veloce Auto AWD MY22,/cars/details/2022-alfa-romeo-stelvio-veloce-auto-awd-my22/OAG-AD-20962302/?Cr=252,"$99,990",Build date May 2022,SUV,Automatic,4cyl 2.0L Turbo Petrol,VIC
162,2019 Alfa Romeo Stelvio Quadrifoglio Auto AWD,/cars/details/2019-alfa-romeo-stelvio-quadrifoglio-auto-awd/OAG-AD-20885614/?Cr=253,"$124,990","8,600 km",SUV,Automatic,6cyl 2.9L Turbo Petrol,VIC
163,2013 Alfa Romeo Giulietta Distinctive Auto MY13,/cars/details/2013-alfa-romeo-giulietta-distinctive-auto-my13/SSE-AD-13349305/?Cr=254,"$12,900*","90,120 km",Hatch,Automatic,4cyl 1.4L Turbo Petrol,WA
164,2022 Alfa Romeo Stelvio Veloce Auto AWD MY22,/cars/details/2022-alfa-romeo-stelvio-veloce-auto-awd-my22/OAG-AD-20969968/?Cr=255,"$98,637",Build date Apr 2022,SUV,Automatic,4cyl 2.0L Turbo Petrol,VIC
165,2021 Alfa Romeo Stelvio Sport Auto AWD MY21,/cars/details/2021-alfa-romeo-stelvio-sport-auto-awd-my21/OAG-AD-20477595/?Cr=256,"$69,974","6,314 km",SUV,Automatic,4cyl 2.0L Turbo Petrol,ACT
166,2020 Alfa Romeo Giulietta Veloce Auto,/cars/details/2020-alfa-romeo-giulietta-veloce-auto/OAG-AD-20902940/?Cr=257,"$44,480","32,817 km",Hatch,Automatic,4cyl 1.75L Turbo Petrol,VIC
167,2011 Alfa Romeo Giulietta QV Manual,/cars/details/2011-alfa-romeo-giulietta-qv-manual/SSE-AD-13340982/?Cr=258,"$12,500*","110,000 km",Hatch,Manual,4cyl 1.7L Turbo Petrol,VIC
168,2022 Alfa Romeo Stelvio Veloce Auto AWD MY22,/cars/details/2022-alfa-romeo-stelvio-veloce-auto-awd-my22/OAG-AD-20948655/?Cr=264,"$95,990",20 km,SUV,Automatic,4cyl 2.0L Turbo Petrol,VIC
169,2022 Alfa Romeo Stelvio Veloce Auto AWD MY22,/cars/details/2022-alfa-romeo-stelvio-veloce-auto-awd-my22/OAG-AD-20961436/?Cr=265,"$99,990",Build date Apr 2022,SUV,Automatic,4cyl 2.0L Turbo Petrol,VIC
170,2022 Alfa Romeo Giulia Veloce Auto MY22,/cars/details/2022-alfa-romeo-giulia-veloce-auto-my22/OAG-AD-20961564/?Cr=266,"$83,290",20 km,Sedan,Automatic,4cyl 2.0L Turbo Petrol,VIC
171,2017 Alfa Romeo Giulia Quadrifoglio Auto,/cars/details/2017-alfa-romeo-giulia-quadrifoglio-auto/OAG-AD-20730543/?Cr=267,"$95,982","59,500 km",Sedan,Automatic,6cyl 2.9L Turbo Petrol,VIC
172,2021 Alfa Romeo Stelvio Veloce Auto AWD MY21,/cars/details/2021-alfa-romeo-stelvio-veloce-auto-awd-my21/OAG-AD-20383271/?Cr=268,"$84,888","14,885 km",SUV,Automatic,4cyl 2.0L Turbo Petrol,WA
173,2022 Alfa Romeo Giulia Quadrifoglio Auto MY22,/cars/details/2022-alfa-romeo-giulia-quadrifoglio-auto-my22/OAG-AD-20980612/?Cr=269,"$165,490",Build date Apr 2022,Sedan,Automatic,6cyl 2.9L Turbo Petrol,QLD
174,2014 Alfa Romeo Giulietta Progression Manual,/cars/details/2014-alfa-romeo-giulietta-progression-manual/SSE-AD-13317240/?Cr=270,"$14,500*","59,687 km",Hatch,Manual,4cyl 1.4L Turbo Petrol,QLD
175,2020 Alfa Romeo Giulia Veloce Auto MY20,/cars/details/2020-alfa-romeo-giulia-veloce-auto-my20/OAG-AD-20774812/?Cr=271,"$74,999","27,613 km",Sedan,Automatic,4cyl 2.0L Turbo Petrol,VIC
176,2018 Alfa Romeo Giulia Veloce Auto,/cars/details/2018-alfa-romeo-giulia-veloce-auto/OAG-AD-20845212/?Cr=272,"$54,999","50,931 km",Sedan,Automatic,4cyl 2.0L Turbo Petrol,TAS
177,1974 Alfa Romeo 2000 GT Veloce Manual,/cars/details/1974-alfa-romeo-2000-gt-veloce-manual/SSE-AD-12484104/?Cr=273,"$59,500*","29,000 km",Coupe,Manual,4cyl 2000L Petrol,VIC
178,2006 Alfa Romeo Spider JTS Manual,/cars/details/2006-alfa-romeo-spider-jts-manual/SSE-AD-13207211/?Cr=276,"$19,000*","107,658 km",Convertible,Manual,4cyl 2.2L Petrol,NSW
179,2017 Alfa Romeo Giulia Quadrifoglio Auto,/cars/details/2017-alfa-romeo-giulia-quadrifoglio-auto/OAG-AD-20748050/?Cr=277,"$114,830*","23,766 km",Sedan,Automatic,6cyl 2.9L Turbo Petrol,ACT
180,2013 Alfa Romeo MiTo Distinctive Auto,/cars/details/2013-alfa-romeo-mito-distinctive-auto/SSE-AD-13162023/?Cr=278,"$14,000*","76,000 km",Hatch,Automatic,4cyl 1.4L Turbo Petrol,VIC
181,2009 Alfa Romeo Brera JTS Selespeed Auto,/cars/details/2009-alfa-romeo-brera-jts-selespeed-auto/SSE-AD-7439104/?Cr=279,"$26,900*","80,000 km",Coupe,Automatic,4cyl 2.2L Petrol,NSW
182,2007 Alfa Romeo 159 JTS Ti Auto,/cars/details/2007-alfa-romeo-159-jts-ti-auto/SSE-AD-13012033/?Cr=280,"$14,900*","119,000 km",Sedan,Automatic,6cyl 3.2L Petrol,NSW
183,2016 Alfa Romeo Giulietta Super Auto,/cars/details/2016-alfa-romeo-giulietta-super-auto/OAG-AD-20988417/?Cr=281,"$26,990*","33,818 km",Hatch,Automatic,4cyl 1.4L Turbo Petrol,WA
184,2011 Alfa Romeo MiTo Auto MY10,/cars/details/2011-alfa-romeo-mito-auto-my10/SSE-AD-13383669/?Cr=282,"$6,000*","148,500 km",Hatch,Automatic,4cyl 1.4L Turbo Petrol,VIC
185,2002 Alfa Romeo Spider Twin Spark Manual,/cars/details/2002-alfa-romeo-spider-twin-spark-manual/SSE-AD-13204552/?Cr=283,"$8,800*","155,000 km",Convertible,Manual,4cyl 2.0L Petrol,NSW
186,2015 Alfa Romeo Giulietta Distinctive Auto,/cars/details/2015-alfa-romeo-giulietta-distinctive-auto/OAG-AD-20494500/?Cr=284,"$19,888*","38,488 km",Hatch,Automatic,4cyl 1.4L Turbo Petrol,NSW
187,2022 Alfa Romeo Stelvio Veloce Auto AWD MY22,/cars/details/2022-alfa-romeo-stelvio-veloce-auto-awd-my22/OAG-AD-21000614/?Cr=285,"$95,700",Build date Apr 2022,SUV,Automatic,4cyl 2.0L Turbo Petrol,WA
188,2017 Alfa Romeo Giulia Veloce Auto,/cars/details/2017-alfa-romeo-giulia-veloce-auto/SSE-AD-13189971/?Cr=286,"$46,500*","70,000 km",Sedan,Automatic,4cyl 2.0L Turbo Petrol,VIC
189,2015 Alfa Romeo 4C Launch Edition Auto,/cars/details/2015-alfa-romeo-4c-launch-edition-auto/SSE-AD-12938496/?Cr=288,"$149,960*",500 km,Coupe,Automatic,4cyl 1.7L Turbo Petrol,VIC
190,2018 Alfa Romeo Giulia Veloce Auto,/cars/details/2018-alfa-romeo-giulia-veloce-auto/SSE-AD-13208934/?Cr=289,"$49,000*","64,000 km",Sedan,Automatic,4cyl 2.0L Turbo Petrol,NSW
191,1984 Alfa Romeo Alfetta GTV Manual,/cars/details/1984-alfa-romeo-alfetta-gtv-manual/OAG-AD-20921297/?Cr=290,"$42,888*","60,321 km",Coupe,Manual,4cyl 2.0L Petrol,VIC
192,2021 Alfa Romeo Stelvio Sport Auto AWD MY21,/cars/details/2021-alfa-romeo-stelvio-sport-auto-awd-my21/OAG-AD-19922794/?Cr=291,"$69,888","11,921 km",SUV,Automatic,4cyl 2.0L Turbo Petrol,NSW
193,2010 Alfa Romeo 159 JTD Auto MY09,/cars/details/2010-alfa-romeo-159-jtd-auto-my09/SSE-AD-13301969/?Cr=292,"$11,900*","117,000 km",Sedan,Automatic,5cyl 2.4L Turbo Diesel,NSW
194,2019 Alfa Romeo Giulia Veloce Auto MY19,/cars/details/2019-alfa-romeo-giulia-veloce-auto-my19/SSE-AD-13376599/?Cr=293,"$55,700*","61,000 km",Sedan,Automatic,4cyl 2.0L Turbo Petrol,VIC
195,2015 Alfa Romeo 4C Auto,/cars/details/2015-alfa-romeo-4c-auto/OAG-AD-20436389/?Cr=294,"$95,000*","8,544 km",Coupe,Automatic,4cyl 1.7L Turbo Petrol,WA
196,2022 Alfa Romeo Stelvio Veloce Auto AWD MY22,/cars/details/2022-alfa-romeo-stelvio-veloce-auto-awd-my22/OAG-AD-20931850/?Cr=295,"$94,888",Build date Apr 2022,SUV,Automatic,4cyl 2.0L Turbo Petrol,NSW
197,2007 Alfa Romeo 159 JTS Manual,/cars/details/2007-alfa-romeo-159-jts-manual/SSE-AD-13370392/?Cr=296,"$16,000*","159,597 km",Sedan,Manual,6cyl 3.2L Petrol,NSW
198,2006 Alfa Romeo Brera V6 Manual,/cars/details/2006-alfa-romeo-brera-v6-manual/SSE-AD-12264356/?Cr=297,"$38,990*","127,781 km",Coupe,Manual,6cyl 3.2L Petrol,NSW
199,2017 Alfa Romeo Giulietta Super Manual,/cars/details/2017-alfa-romeo-giulietta-super-manual/OAG-AD-20708756/?Cr=300,"$19,990","74,772 km",Hatch,Manual,4cyl 1.4L Turbo Petrol,VIC
200,2020 Alfa Romeo Giulia Veloce Auto MY20,/cars/details/2020-alfa-romeo-giulia-veloce-auto-my20/SSE-AD-12749493/?Cr=301,"$62,900*","25,000 km",Sedan,Automatic,4cyl 2.0L Turbo Petrol,QLD
201,2007 Alfa Romeo 159 JTD Auto,/cars/details/2007-alfa-romeo-159-jtd-auto/SSE-AD-12128817/?Cr=302,"$25,000*","38,435 km",Sedan,Automatic,4cyl 1.9L Turbo Diesel,VIC
202,2015 Alfa Romeo Giulietta Quadrifoglio Verde Auto,/cars/details/2015-alfa-romeo-giulietta-quadrifoglio-verde-auto/SSE-AD-7374744/?Cr=303,"$26,990*","40,000 km",Hatch,Automatic,4cyl 1.8L Turbo Petrol,NSW
203,2021 Alfa Romeo Stelvio Sport Auto AWD MY21,/cars/details/2021-alfa-romeo-stelvio-sport-auto-awd-my21/OAG-AD-20567357/?Cr=304,"$77,500*","1,051 km",SUV,Automatic,4cyl 2.0L Turbo Petrol,NSW
204,2018 Alfa Romeo Giulia Veloce Auto,/cars/details/2018-alfa-romeo-giulia-veloce-auto/SSE-AD-13215690/?Cr=305,"$49,999*","54,000 km",Sedan,Automatic,4cyl 2.0L Turbo Petrol,NSW
205,2014 Alfa Romeo Giulietta Distinctive JTD-M Auto,/cars/details/2014-alfa-romeo-giulietta-distinctive-jtd-m-auto/SSE-AD-13372262/?Cr=306,"$16,999*","122,000 km",Hatch,Automatic,4cyl 2.0L Turbo Diesel,VIC
206,2007 Alfa Romeo GT JTS Manual,/cars/details/2007-alfa-romeo-gt-jts-manual/SSE-AD-12766635/?Cr=307,"$8,000*","72,620 km",Coupe,Manual,4cyl 2.0L Petrol,NSW
207,2013 Alfa Romeo Giulietta Progression Auto MY13,/cars/details/2013-alfa-romeo-giulietta-progression-auto-my13/SSE-AD-13371513/?Cr=308,"$14,500*","36,016 km",Hatch,Automatic,4cyl 1.4L Turbo Petrol,QLD
208,2022 Alfa Romeo Giulia Veloce Auto MY22,/cars/details/2022-alfa-romeo-giulia-veloce-auto-my22/OAG-AD-20955731/?Cr=309,Enquire for price*,Build date Apr 2022,Sedan,Automatic,4cyl 2.0L Turbo Petrol,NSW
209,2011 Alfa Romeo Giulietta Distinctive Manual,/cars/details/2011-alfa-romeo-giulietta-distinctive-manual/SSE-AD-7420001/?Cr=310,"$9,999*","154,000 km",Hatch,Manual,4cyl 1.4L Turbo Petrol,WA
210,1998 Alfa Romeo GTV V6 Manual,/cars/details/1998-alfa-romeo-gtv-v6-manual/SSE-AD-13369935/?Cr=312,"$16,000*","193,000 km",Coupe,Manual,6cyl 3.0L Petrol,TAS
211,2017 Alfa Romeo Giulia Veloce Auto,/cars/details/2017-alfa-romeo-giulia-veloce-auto/OAG-AD-20945702/?Cr=313,"$54,888","19,254 km",Sedan,Automatic,4cyl 2.0L Turbo Petrol,VIC
212,2021 Alfa Romeo Giulia Veloce Auto MY21,/cars/details/2021-alfa-romeo-giulia-veloce-auto-my21/OAG-AD-20926162/?Cr=314,"$72,990","10,733 km",Sedan,Automatic,4cyl 2.0L Turbo Petrol,QLD
213,2022 Alfa Romeo Stelvio Veloce Auto AWD MY22,/cars/details/2022-alfa-romeo-stelvio-veloce-auto-awd-my22/OAG-AD-20985873/?Cr=315,"$97,756",Build date Apr 2022,SUV,Automatic,4cyl 2.0L Turbo Petrol,ACT
214,2022 Alfa Romeo Stelvio Veloce Auto AWD MY22,/cars/details/2022-alfa-romeo-stelvio-veloce-auto-awd-my22/OAG-AD-20933859/?Cr=316,"$96,888",Build date Apr 2022,SUV,Automatic,4cyl 2.0L Turbo Petrol,NSW
215,2014 Alfa Romeo Giulietta Quadrifoglio Verde Auto,/cars/details/2014-alfa-romeo-giulietta-quadrifoglio-verde-auto/OAG-AD-20956266/?Cr=317,"$25,830*","85,929 km",Hatch,Automatic,4cyl 1.8L Turbo Petrol,NSW
216,2022 Alfa Romeo Stelvio Veloce Auto AWD MY22,/cars/details/2022-alfa-romeo-stelvio-veloce-auto-awd-my22/OAG-AD-20931309/?Cr=318,"$98,888",Build date Apr 2022,SUV,Automatic,4cyl 2.0L Turbo Petrol,NSW
217,2007 Alfa Romeo 159 JTD Auto,/cars/details/2007-alfa-romeo-159-jtd-auto/OAG-AD-20689680/?Cr=324,"$8,990*","158,500 km",Sedan,Automatic,5cyl 2.4L Turbo Diesel,NSW
218,2001 Alfa Romeo GTV V6 Manual,/cars/details/2001-alfa-romeo-gtv-v6-manual/SSE-AD-12228580/?Cr=325,"$22,000*","141,500 km",Coupe,Manual,6cyl 3.0L Petrol,TAS
219,2009 Alfa Romeo Spider JTS Selespeed Auto,/cars/details/2009-alfa-romeo-spider-jts-selespeed-auto/SSE-AD-12665979/?Cr=326,"$25,000*","88,000 km",Convertible,Automatic,4cyl 2.2L Petrol,NSW
220,2013 Alfa Romeo Giulietta Progression Manual MY13,/cars/details/2013-alfa-romeo-giulietta-progression-manual-my13/OAG-AD-20962091/?Cr=327,"$12,999*","115,545 km",Hatch,Manual,4cyl 1.4L Turbo Petrol,NSW
221,2022 Alfa Romeo Stelvio Veloce Auto AWD MY22,/cars/details/2022-alfa-romeo-stelvio-veloce-auto-awd-my22/OAG-AD-20956128/?Cr=328,"$96,888",20 km,SUV,Automatic,4cyl 2.0L Turbo Petrol,NSW
222,2022 Alfa Romeo Stelvio Veloce Auto AWD MY22,/cars/details/2022-alfa-romeo-stelvio-veloce-auto-awd-my22/OAG-AD-20985875/?Cr=329,"$94,995",Build date May 2022,SUV,Automatic,4cyl 2.0L Turbo Petrol,VIC
223,2022 Alfa Romeo Stelvio Veloce Auto AWD MY22,/cars/details/2022-alfa-romeo-stelvio-veloce-auto-awd-my22/OAG-AD-20935722/?Cr=330,"$98,888",Build date Apr 2022,SUV,Automatic,4cyl 2.0L Turbo Petrol,SA
224,2017 Alfa Romeo Giulia Auto,/cars/details/2017-alfa-romeo-giulia-auto/OAG-AD-20953252/?Cr=331,"$43,990","54,022 km",Sedan,Automatic,4cyl 2.0L Turbo Petrol,VIC
225,2017 Alfa Romeo Stelvio First Edition Auto AWD,/cars/details/2017-alfa-romeo-stelvio-first-edition-auto-awd/OAG-AD-20839435/?Cr=336,"$49,990","88,188 km",SUV,Automatic,4cyl 2.2L Turbo Diesel,VIC
226,1989 Alfa Romeo Alfa 75 Twin Spark Manual,/cars/details/1989-alfa-romeo-alfa-75-twin-spark-manual/SSE-AD-13362966/?Cr=337,"$28,990*","265,270 km",Sedan,Manual,4cyl 2.0L Petrol,VIC
227,2019 Alfa Romeo Stelvio Quadrifoglio Auto AWD,/cars/details/2019-alfa-romeo-stelvio-quadrifoglio-auto-awd/OAG-AD-20893560/?Cr=338,"$139,990","28,563 km",SUV,Automatic,6cyl 2.9L Turbo Petrol,VIC
228,1977 Alfa Romeo Spider 2000 Veloce Manual,/cars/details/1977-alfa-romeo-spider-2000-veloce-manual/SSE-AD-13101921/?Cr=339,"$42,000*","21,856 km",Convertible,Manual,4cyl 2.0L Petrol,WA
229,2013 Alfa Romeo Giulietta Progression Manual MY13,/cars/details/2013-alfa-romeo-giulietta-progression-manual-my13/SSE-AD-13329106/?Cr=340,"$16,000*","41,158 km",Hatch,Manual,4cyl 1.4L Turbo Petrol,TAS
230,2019 Alfa Romeo Stelvio Quadrifoglio Auto AWD,/cars/details/2019-alfa-romeo-stelvio-quadrifoglio-auto-awd/SSE-AD-13197039/?Cr=341,"$119,999*","9,500 km",SUV,Automatic,6cyl 2.9L Turbo Petrol,VIC
231,2014 Alfa Romeo Giulietta Distinctive Auto,/cars/details/2014-alfa-romeo-giulietta-distinctive-auto/OAG-AD-20934907/?Cr=342,"$17,990*","88,226 km",Hatch,Automatic,4cyl 1.4L Turbo Petrol,SA
232,2019 Alfa Romeo Stelvio Quadrifoglio Auto AWD,/cars/details/2019-alfa-romeo-stelvio-quadrifoglio-auto-awd/OAG-AD-20792631/?Cr=343,"$115,888*","19,164 km",SUV,Automatic,6cyl 2.9L Turbo Petrol,NSW
233,2018 Alfa Romeo Giulia Quadrifoglio Auto,/cars/details/2018-alfa-romeo-giulia-quadrifoglio-auto/SSE-AD-13271603/?Cr=344,"$107,999*","14,900 km",Sedan,Automatic,6cyl 2.9L Turbo Petrol,NSW
234,2022 Alfa Romeo Giulia Quadrifoglio Auto MY22,/cars/details/2022-alfa-romeo-giulia-quadrifoglio-auto-my22/OAG-AD-20955394/?Cr=345,"$160,256",Build date Mar 2022,Sedan,Automatic,6cyl 2.9L Turbo Petrol,NSW
235,2022 Alfa Romeo Stelvio Veloce Auto AWD MY22,/cars/details/2022-alfa-romeo-stelvio-veloce-auto-awd-my22/OAG-AD-20935039/?Cr=348,"$98,888",Build date May 2022,SUV,Automatic,4cyl 2.0L Turbo Petrol,SA
236,2003 Alfa Romeo Spider Twin Spark Veloce Manual,/cars/details/2003-alfa-romeo-spider-twin-spark-veloce-manual/OAG-AD-20748860/?Cr=349,"$13,990*","140,912 km",Convertible,Manual,4cyl 2.0L Petrol,NSW
237,2001 Alfa Romeo Spider Twin Spark Luxury Manual,/cars/details/2001-alfa-romeo-spider-twin-spark-luxury-manual/SSE-AD-12682851/?Cr=350,"$16,750*","134,000 km",Convertible,Manual,4cyl 2.0L Petrol,SA
238,1991 Alfa Romeo SZ Zagato Manual,/cars/details/1991-alfa-romeo-sz-zagato-manual/OAG-AD-20714457/?Cr=351,"$149,000*","49,500 km",Coupe,Manual,6cyl 3.0L Petrol,NSW
239,2011 Alfa Romeo 159 1750 TBi Ti Manual,/cars/details/2011-alfa-romeo-159-1750-tbi-ti-manual/SSE-AD-13351572/?Cr=352,"$19,800*","83,000 km",Sedan,Manual,4cyl 1.7L Turbo Petrol,VIC
240,2019 Alfa Romeo Giulia Super Auto MY19,/cars/details/2019-alfa-romeo-giulia-super-auto-my19/SSE-AD-12861893/?Cr=353,"$35,000*","99,700 km",Sedan,Automatic,4cyl 2.0L Turbo Petrol,ACT
241,2021 Alfa Romeo Stelvio Sport Auto AWD MY21,/cars/details/2021-alfa-romeo-stelvio-sport-auto-awd-my21/OAG-AD-20495036/?Cr=354,"$67,990","1,288 km",SUV,Automatic,4cyl 2.0L Turbo Petrol,NSW
242,2021 Alfa Romeo Stelvio Quadrifoglio Auto AWD MY21,/cars/details/2021-alfa-romeo-stelvio-quadrifoglio-auto-awd-my21/OAG-AD-20377182/?Cr=355,"$172,485",Build date Sep 2021,SUV,Automatic,6cyl 2.9L Turbo Petrol,ACT
243,2014 Alfa Romeo Giulietta Distinctive Manual,/cars/details/2014-alfa-romeo-giulietta-distinctive-manual/SSE-AD-13294339/?Cr=356,"$11,000*","86,000 km",Hatch,Manual,4cyl 1.4L Turbo Petrol,QLD
244,2021 Alfa Romeo Stelvio Veloce Auto AWD MY21,/cars/details/2021-alfa-romeo-stelvio-veloce-auto-awd-my21/OAG-AD-20728608/?Cr=357,"$83,830*","2,100 km",SUV,Automatic,4cyl 2.0L Turbo Petrol,VIC
245,2004 Alfa Romeo 147 GTA Manual,/cars/details/2004-alfa-romeo-147-gta-manual/SSE-AD-7432304/?Cr=360,"$23,000*","132,000 km",Hatch,Manual,6cyl 3.2L Petrol,NSW
246,2009 Alfa Romeo Brera JTS Italia Independent Manual,/cars/details/2009-alfa-romeo-brera-jts-italia-independent-manual/SSE-AD-12210056/?Cr=361,"$45,000*","34,445 km",Coupe,Manual,4cyl 2.2L Petrol,QLD
247,1982 Alfa Romeo Alfasud Super Manual,/cars/details/1982-alfa-romeo-alfasud-super-manual/SSE-AD-7321011/?Cr=362,"$25,500*","1,350 km",Sedan,Manual,4cyl 1.5L Petrol,NSW
248,2017 Alfa Romeo Giulia Veloce Auto,/cars/details/2017-alfa-romeo-giulia-veloce-auto/SSE-AD-12821226/?Cr=363,"$52,190*","59,000 km",Sedan,Automatic,4cyl 2.0L Turbo Petrol,ACT
249,2021 Alfa Romeo Stelvio Quadrifoglio Auto AWD MY21,/cars/details/2021-alfa-romeo-stelvio-quadrifoglio-auto-awd-my21/OAG-AD-20461859/?Cr=364,"$164,990",911 km,SUV,Automatic,6cyl 2.9L Turbo Petrol,ACT
250,1967 Alfa Romeo Giulia Super Manual,/cars/details/1967-alfa-romeo-giulia-super-manual/OAG-AD-20306590/?Cr=365,"$64,990*","11,888 km",Sedan,Manual,4cyl 1600L Petrol,VIC
251,1974 Alfa Romeo 2000 GT Veloce Manual,/cars/details/1974-alfa-romeo-2000-gt-veloce-manual/SSE-AD-12726087/?Cr=366,"$62,500*","36,274 km",Coupe,Manual,4cyl 2000L Petrol,VIC
252,2018 Alfa Romeo Giulia Auto,/cars/details/2018-alfa-romeo-giulia-auto/SSE-AD-13356579/?Cr=367,"$36,500*","60,900 km",Sedan,Automatic,4cyl 2.0L Turbo Petrol,WA
253,2001 Alfa Romeo 156 Sport Selespeed Auto MY01,/cars/details/2001-alfa-romeo-156-sport-selespeed-auto-my01/SSE-AD-6683360/?Cr=368,"$4,950*","223,000 km",Sedan,Automatic,4cyl 2.0L Petrol,VIC
254,2013 Alfa Romeo Giulietta Distinctive Manual MY12,/cars/details/2013-alfa-romeo-giulietta-distinctive-manual-my12/SSE-AD-13023413/?Cr=369,"$14,950*","85,550 km",Hatch,Manual,4cyl 1.4L Turbo Petrol,NSW
255,2021 Alfa Romeo Stelvio Sport Auto AWD MY21,/cars/details/2021-alfa-romeo-stelvio-sport-auto-awd-my21/OAG-AD-20567176/?Cr=370,"$68,875","3,166 km",SUV,Automatic,4cyl 2.0L Turbo Petrol,ACT
256,2020 Alfa Romeo Stelvio Sport Auto AWD MY20,/cars/details/2020-alfa-romeo-stelvio-sport-auto-awd-my20/OAG-AD-20396716/?Cr=371,"$68,830*","5,625 km",SUV,Automatic,4cyl 2.0L Turbo Petrol,ACT
257,2018 Alfa Romeo Giulia Veloce Auto,/cars/details/2018-alfa-romeo-giulia-veloce-auto/SSE-AD-13215772/?Cr=372,"$52,500*","38,128 km",Sedan,Automatic,4cyl 2.0L Turbo Petrol,VIC
258,1999 Alfa Romeo GTV Twin Spark Manual,/cars/details/1999-alfa-romeo-gtv-twin-spark-manual/SSE-AD-12750180/?Cr=373,"$16,500*","105,000 km",Coupe,Manual,4cyl 2.0L Petrol,NSW
259,2014 Alfa Romeo Giulietta Progression Manual,/cars/details/2014-alfa-romeo-giulietta-progression-manual/SSE-AD-13272809/?Cr=374,"$11,990*","119,934 km",Hatch,Manual,4cyl 1.4L Turbo Petrol,VIC
260,1988 Alfa Romeo Spider 2000 Veloce Manual,/cars/details/1988-alfa-romeo-spider-2000-veloce-manual/OAG-AD-20435453/?Cr=375,"$49,990*","204,844 km",Convertible,Manual,4cyl 2.0L Petrol,NSW
261,2004 Alfa Romeo 156 V6 Manual MY04,/cars/details/2004-alfa-romeo-156-v6-manual-my04/SSE-AD-13351929/?Cr=376,"$5,500*","207,181 km",Sedan,Manual,6cyl 2.5L Petrol,NSW
262,1980 Alfa Romeo Spider 2000 Veloce Manual,/cars/details/1980-alfa-romeo-spider-2000-veloce-manual/SSE-AD-7450343/?Cr=377,"$66,000*","154,500 km",Convertible,Manual,4cyl 2.0L Petrol,QLD
263,2001 Alfa Romeo Spider Twin Spark Luxury Manual,/cars/details/2001-alfa-romeo-spider-twin-spark-luxury-manual/SSE-AD-12224058/?Cr=378,"$16,000*","98,000 km",Convertible,Manual,4cyl 2.0L Petrol,QLD
264,1998 Alfa Romeo GTV V6 Manual,/cars/details/1998-alfa-romeo-gtv-v6-manual/SSE-AD-12523158/?Cr=379,"$19,400*","141,000 km",Coupe,Manual,6cyl 3.0L Petrol,VIC
265,2017 Alfa Romeo Giulia Quadrifoglio Auto,/cars/details/2017-alfa-romeo-giulia-quadrifoglio-auto/SSE-AD-12856640/?Cr=380,"$110,990*","51,000 km",Sedan,Automatic,6cyl 2.9L Turbo Petrol,VIC
266,2010 Alfa Romeo GT 100th Anniversary Manual,/cars/details/2010-alfa-romeo-gt-100th-anniversary-manual/SSE-AD-13340518/?Cr=381,"$41,500*","66,100 km",Coupe,Manual,6cyl 3.2L Petrol,VIC
267,2008 Alfa Romeo 159 JTD Ti Manual,/cars/details/2008-alfa-romeo-159-jtd-ti-manual/SSE-AD-13235769/?Cr=382,"$10,400*","168,041 km",Sedan,Manual,5cyl 2.4L Turbo Diesel,NSW
268,2002 Alfa Romeo 156 JTS Manual,/cars/details/2002-alfa-romeo-156-jts-manual/SSE-AD-13350253/?Cr=383,"$6,250*","171,000 km",Sedan,Manual,4cyl 2.0L Petrol,SA
269,1970 Alfa Romeo 1750 Berlina Manual,/cars/details/1970-alfa-romeo-1750-berlina-manual/SSE-AD-13022990/?Cr=384,"$30,000*","200,000 km",Sedan,Manual,4cyl 1750L Petrol,VIC
270,2017 Alfa Romeo 4C Auto,/cars/details/2017-alfa-romeo-4c-auto/SSE-AD-13351637/?Cr=385,"$119,900*","19,912 km",Coupe,Automatic,4cyl 1.7L Turbo Petrol,QLD
271,2006 Alfa Romeo 159 JTS Manual,/cars/details/2006-alfa-romeo-159-jts-manual/SSE-AD-12858086/?Cr=386,"$12,000*","150,000 km",Sedan,Manual,6cyl 3.2L Petrol,TAS
272,2010 Alfa Romeo GT 100th Anniversary Manual,/cars/details/2010-alfa-romeo-gt-100th-anniversary-manual/SSE-AD-13344305/?Cr=387,"$44,990*","69,000 km",Coupe,Manual,6cyl 3.2L Petrol,VIC
273,2005 Alfa Romeo 147 GTA Monza Manual,/cars/details/2005-alfa-romeo-147-gta-monza-manual/SSE-AD-11967396/?Cr=388,"$24,999*","267,000 km",Hatch,Manual,6cyl 3.2L Petrol,VIC
274,2007 Alfa Romeo 147 Selespeed Auto MY05,/cars/details/2007-alfa-romeo-147-selespeed-auto-my05/SSE-AD-12895834/?Cr=389,"$9,999*","3,000 km",Hatch,Automatic,4cyl 2.0L Petrol,VIC
275,2014 Alfa Romeo Giulietta Progression Auto,/cars/details/2014-alfa-romeo-giulietta-progression-auto/SSE-AD-13346228/?Cr=390,"$11,800*","164,000 km",Hatch,Automatic,4cyl 1.4L Turbo Petrol,VIC
276,2005 Alfa Romeo 166 Auto MY04,/cars/details/2005-alfa-romeo-166-auto-my04/SSE-AD-13076267/?Cr=391,"$13,500*","135,000 km",Sedan,Automatic,6cyl 3.0L Petrol,VIC
277,1957 Alfa Romeo Giulietta Spider Veloce Manual,/cars/details/1957-alfa-romeo-giulietta-spider-veloce-manual/SSE-AD-5877027/?Cr=392,"$140,000*","103,000 km",Convertible,Manual,4cyl 1.3L Petrol,VIC
278,2003 Alfa Romeo 156 GTA Manual,/cars/details/2003-alfa-romeo-156-gta-manual/SSE-AD-6902791/?Cr=393,"$36,995*","47,000 km",Sedan,Manual,6cyl 3.2L Petrol,WA
279,2007 Alfa Romeo 159 JTS Auto,/cars/details/2007-alfa-romeo-159-jts-auto/SSE-AD-12544568/?Cr=394,"$7,000*","127,000 km",Sedan,Automatic,4cyl 2.2L Petrol,VIC
280,2012 Alfa Romeo Giulietta Distinctive Auto MY12,/cars/details/2012-alfa-romeo-giulietta-distinctive-auto-my12/SSE-AD-13008146/?Cr=395,"$9,500*","132,300 km",Hatch,Automatic,4cyl 1.4L Turbo Petrol,ACT
281,2011 Alfa Romeo Giulietta QV Manual,/cars/details/2011-alfa-romeo-giulietta-qv-manual/SSE-AD-13273559/?Cr=396,"$13,000*","85,538 km",Hatch,Manual,4cyl 1.7L Turbo Petrol,VIC
282,2011 Alfa Romeo 159 1750 TBi Ti Manual,/cars/details/2011-alfa-romeo-159-1750-tbi-ti-manual/SSE-AD-13252202/?Cr=397,"$32,500*","153,000 km",Wagon,Manual,4cyl 1.7L Turbo Petrol,QLD
283,2008 Alfa Romeo 147 Selespeed Monza Auto MY05,/cars/details/2008-alfa-romeo-147-selespeed-monza-auto-my05/SSE-AD-7197861/?Cr=398,"$8,990*","103,000 km",Hatch,Automatic,4cyl 2.0L Petrol,NSW
284,1982 Alfa Romeo Alfetta GTV2.0 Manual,/cars/details/1982-alfa-romeo-alfetta-gtv2-0-manual/SSE-AD-13335364/?Cr=399,"$25,000*","55,030 km",Coupe,Manual,4cyl 2.0L Petrol,VIC
285,2014 Alfa Romeo Giulietta Quadrifoglio Verde Auto,/cars/details/2014-alfa-romeo-giulietta-quadrifoglio-verde-auto/SSE-AD-13068718/?Cr=400,"$25,000*","73,000 km",Hatch,Automatic,4cyl 1.8L Turbo Petrol,VIC
286,2018 Alfa Romeo Giulietta Veloce Auto,/cars/details/2018-alfa-romeo-giulietta-veloce-auto/SSE-AD-13122422/?Cr=401,"$32,000*","29,700 km",Hatch,Automatic,4cyl 1.75L Turbo Petrol,NSW
287,1972 Alfa Romeo Giulia Super Manual,/cars/details/1972-alfa-romeo-giulia-super-manual/SSE-AD-12709092/?Cr=402,"$72,000*","134,000 km",Sedan,Manual,4cyl 1600L Petrol,ACT
288,2008 Alfa Romeo Spider JTS V6 Auto,/cars/details/2008-alfa-romeo-spider-jts-v6-auto/SSE-AD-12393265/?Cr=403,"$34,600*","136,086 km",Convertible,Automatic,6cyl 3.2L Petrol,NSW
289,1999 Alfa Romeo 156 V6 Auto,/cars/details/1999-alfa-romeo-156-v6-auto/SSE-AD-12557244/?Cr=404,"$7,700*","195,890 km",Sedan,Automatic,6cyl 2.5L Petrol,VIC
290,2004 Alfa Romeo 166 Auto MY04,/cars/details/2004-alfa-romeo-166-auto-my04/SSE-AD-13302503/?Cr=405,"$10,900*","179,000 km",Sedan,Automatic,6cyl 3.0L Petrol,SA
291,2009 Alfa Romeo GT Selespeed JTS Auto,/cars/details/2009-alfa-romeo-gt-selespeed-jts-auto/SSE-AD-13334304/?Cr=406,"$10,000*","82,000 km",Coupe,Automatic,4cyl 2.0L Petrol,SA
292,2018 Alfa Romeo Giulietta Veloce Auto,/cars/details/2018-alfa-romeo-giulietta-veloce-auto/SSE-AD-12707567/?Cr=408,"$37,500*","36,570 km",Hatch,Automatic,4cyl 1.75L Turbo Petrol,VIC
293,2015 Alfa Romeo 4C Launch Edition Auto,/cars/details/2015-alfa-romeo-4c-launch-edition-auto/SSE-AD-12759302/?Cr=409,"$92,500*","19,700 km",Coupe,Automatic,4cyl 1.7L Turbo Petrol,NSW
294,1977 Alfa Romeo Spider 2000 Veloce Manual,/cars/details/1977-alfa-romeo-spider-2000-veloce-manual/SSE-AD-13191769/?Cr=410,"$66,000*","2,000 km",Convertible,Manual,4cyl 2.0L Petrol,NSW
295,2009 Alfa Romeo Brera JTS Selespeed Auto,/cars/details/2009-alfa-romeo-brera-jts-selespeed-auto/SSE-AD-13228648/?Cr=411,"$15,000*","188,160 km",Coupe,Automatic,4cyl 2.2L Petrol,TAS
296,1984 Alfa Romeo Giulietta Manual,/cars/details/1984-alfa-romeo-giulietta-manual/SSE-AD-6770207/?Cr=412,"$7,800*","250,000 km",Sedan,Manual,4cyl 2.0L Petrol,NSW
297,2007 Alfa Romeo Spider JTS Manual,/cars/details/2007-alfa-romeo-spider-jts-manual/SSE-AD-13234257/?Cr=413,"$27,500*","116,600 km",Convertible,Manual,4cyl 2.2L Petrol,NSW
298,1998 Alfa Romeo GTV V6 Manual,/cars/details/1998-alfa-romeo-gtv-v6-manual/SSE-AD-12341827/?Cr=414,"$26,000*","65,000 km",Coupe,Manual,6cyl 3.0L Petrol,NSW
299,1984 Alfa Romeo Alfetta GTV6 Manual,/cars/details/1984-alfa-romeo-alfetta-gtv6-manual/SSE-AD-7372634/?Cr=415,"$43,000*","74,416 km",Coupe,Manual,6cyl 2.5L Petrol,NSW
300,2018 Alfa Romeo Stelvio Auto AWD,/cars/details/2018-alfa-romeo-stelvio-auto-awd/SSE-AD-13274392/?Cr=416,"$50,990*","71,500 km",SUV,Automatic,4cyl 2.2L Turbo Diesel,VIC
301,2012 Alfa Romeo Giulietta Auto,/cars/details/2012-alfa-romeo-giulietta-auto/SSE-AD-13310882/?Cr=417,"$12,500*","92,047 km",Hatch,Automatic,4cyl 1.4L Turbo Petrol,NSW
302,2008 Alfa Romeo 159 JTD Auto,/cars/details/2008-alfa-romeo-159-jtd-auto/SSE-AD-12066823/?Cr=418,"$9,700*","145,000 km",Wagon,Automatic,5cyl 2.4L Turbo Diesel,NSW
303,2006 Alfa Romeo 166 Ti Auto MY06,/cars/details/2006-alfa-romeo-166-ti-auto-my06/SSE-AD-13106513/?Cr=419,"$12,900*","135,898 km",Sedan,Automatic,6cyl 3.0L Petrol,VIC
304,2017 Alfa Romeo Giulietta Super Auto,/cars/details/2017-alfa-romeo-giulietta-super-auto/SSE-AD-13231690/?Cr=420,"$26,000*","56,819 km",Hatch,Automatic,4cyl 1.4L Turbo Petrol,NSW
305,2007 Alfa Romeo Brera JTS Manual,/cars/details/2007-alfa-romeo-brera-jts-manual/SSE-AD-13293675/?Cr=421,"$17,000*","96,160 km",Coupe,Manual,4cyl 2.2L Petrol,SA
306,2002 Alfa Romeo 156 GTA Manual,/cars/details/2002-alfa-romeo-156-gta-manual/SSE-AD-13294445/?Cr=422,"$32,000*","132,500 km",Sedan,Manual,6cyl 3.2L Petrol,SA
307,1969 Alfa Romeo 1750 GT Veloce Manual,/cars/details/1969-alfa-romeo-1750-gt-veloce-manual/SSE-AD-11898780/?Cr=423,"$105,000*","49,571 km",Coupe,Manual,4cyl 1750L Petrol,NSW
308,2017 Alfa Romeo Giulia Veloce Auto,/cars/details/2017-alfa-romeo-giulia-veloce-auto/SSE-AD-7318682/?Cr=424,"$39,900*","123,456 km",Sedan,Automatic,4cyl 2.0L Turbo Petrol,QLD
309,2011 Alfa Romeo Giulietta QV Manual,/cars/details/2011-alfa-romeo-giulietta-qv-manual/SSE-AD-13290386/?Cr=425,"$15,500*","100,000 km",Hatch,Manual,4cyl 1.7L Turbo Petrol,VIC
310,2018 Alfa Romeo Giulia Veloce Auto,/cars/details/2018-alfa-romeo-giulia-veloce-auto/SSE-AD-13291932/?Cr=426,"$52,000*","58,500 km",Sedan,Automatic,4cyl 2.0L Turbo Petrol,NSW
311,2013 Alfa Romeo Giulietta Distinctive JTD-M Auto MY12,/cars/details/2013-alfa-romeo-giulietta-distinctive-jtd-m-auto-my12/SSE-AD-12759144/?Cr=427,"$13,499*","94,000 km",Hatch,Automatic,4cyl 2.0L Turbo Diesel,VIC
312,1985 Alfa Romeo Alfetta GTV6 Manual,/cars/details/1985-alfa-romeo-alfetta-gtv6-manual/SSE-AD-12430620/?Cr=428,"$70,000*","70,000 km",Coupe,Manual,6cyl 2.5L Petrol,NSW
313,2008 Alfa Romeo GT Manual,/cars/details/2008-alfa-romeo-gt-manual/SSE-AD-13280178/?Cr=429,"$24,900*","86,201 km",Coupe,Manual,6cyl 3.2L Petrol,NSW
314,2014 Alfa Romeo Giulietta Progression Auto,/cars/details/2014-alfa-romeo-giulietta-progression-auto/SSE-AD-12328362/?Cr=430,"$14,000*","83,000 km",Hatch,Automatic,4cyl 1.4L Turbo Petrol,SA
315,1998 Alfa Romeo GTV V6 Manual,/cars/details/1998-alfa-romeo-gtv-v6-manual/SSE-AD-13062427/?Cr=431,"$28,200*","45,500 km",Coupe,Manual,6cyl 3.0L Petrol,NSW
316,1965 Alfa Romeo 2600 Sprint Manual,/cars/details/1965-alfa-romeo-2600-sprint-manual/SSE-AD-13277379/?Cr=432,"$115,000*","20,053 km",Coupe,Manual,6cyl 2600L Petrol,NSW
317,2015 Alfa Romeo Giulietta Quadrifoglio Verde Auto,/cars/details/2015-alfa-romeo-giulietta-quadrifoglio-verde-auto/SSE-AD-12433662/?Cr=433,"$34,999*","30,800 km",Hatch,Automatic,4cyl 1.8L Turbo Petrol,NSW
318,2007 Alfa Romeo Spider JTS V6 Auto,/cars/details/2007-alfa-romeo-spider-jts-v6-auto/SSE-AD-7302273/?Cr=434,"$39,900*","85,000 km",Convertible,Automatic,6cyl 3.2L Petrol,VIC
319,1972 Alfa Romeo Spider Manual,/cars/details/1972-alfa-romeo-spider-manual/SSE-AD-7021498/?Cr=435,"$64,990*","39,465 km",Convertible,Manual,4cyl 2.0L Petrol,VIC
320,2019 Alfa Romeo Giulia Quadrifoglio Auto MY19,/cars/details/2019-alfa-romeo-giulia-quadrifoglio-auto-my19/SSE-AD-12919266/?Cr=436,"$92,990*","16,500 km",Sedan,Automatic,6cyl 2.9L Turbo Petrol,QLD
321,2017 Alfa Romeo Giulia Super Auto,/cars/details/2017-alfa-romeo-giulia-super-auto/SSE-AD-12950078/?Cr=437,"$55,000*","76,000 km",Sedan,Automatic,4cyl 2.0L Turbo Petrol,QLD
322,1998 Alfa Romeo GTV V6 Manual,/cars/details/1998-alfa-romeo-gtv-v6-manual/SSE-AD-12791226/?Cr=438,"$15,000*","247,000 km",Coupe,Manual,6cyl 3.0L Petrol,WA
323,1990 Alfa Romeo Alfa 33 Boxer Manual,/cars/details/1990-alfa-romeo-alfa-33-boxer-manual/SSE-AD-13274386/?Cr=439,"$8,300*","215,000 km",Hatch,Manual,4cyl 1.7L Petrol,NSW
324,2012 Alfa Romeo Giulietta QV Manual,/cars/details/2012-alfa-romeo-giulietta-qv-manual/SSE-AD-13272229/?Cr=440,"$14,500*","86,068 km",Hatch,Manual,4cyl 1.7L Turbo Petrol,NSW
325,2012 Alfa Romeo 159 JTS Ti Auto MY09,/cars/details/2012-alfa-romeo-159-jts-ti-auto-my09/SSE-AD-12721408/?Cr=441,"$39,950*","48,000 km",Sedan,Automatic,6cyl 3.2L Petrol,NSW
326,2011 Alfa Romeo 159 1750 TBi Ti Manual,/cars/details/2011-alfa-romeo-159-1750-tbi-ti-manual/SSE-AD-13229528/?Cr=442,"$22,000*","97,000 km",Sedan,Manual,4cyl 1.7L Turbo Petrol,VIC
327,2004 Alfa Romeo GT Manual,/cars/details/2004-alfa-romeo-gt-manual/SSE-AD-12940199/?Cr=443,"$15,500*","181,000 km",Coupe,Manual,6cyl 3.2L Petrol,QLD
328,1999 Alfa Romeo GTV V6 Manual,/cars/details/1999-alfa-romeo-gtv-v6-manual/SSE-AD-12003329/?Cr=444,"$24,000*","159,000 km",Coupe,Manual,6cyl 3.0L Petrol,VIC
329,2020 Alfa Romeo Giulia Veloce Auto MY20,/cars/details/2020-alfa-romeo-giulia-veloce-auto-my20/SSE-AD-12978381/?Cr=445,"$55,000*","12,000 km",Sedan,Automatic,4cyl 2.0L Turbo Petrol,VIC
330,2014 Alfa Romeo Giulietta Progression Auto,/cars/details/2014-alfa-romeo-giulietta-progression-auto/SSE-AD-13263647/?Cr=446,"$10,900*","74,000 km",Hatch,Automatic,4cyl 1.4L Turbo Petrol,NSW
331,2004 Alfa Romeo 156 JTS Manual MY04,/cars/details/2004-alfa-romeo-156-jts-manual-my04/SSE-AD-12606648/?Cr=447,"$5,600*","272,000 km",Sedan,Manual,4cyl 2.0L Petrol,VIC
332,2017 Alfa Romeo Giulia Quadrifoglio Auto,/cars/details/2017-alfa-romeo-giulia-quadrifoglio-auto/SSE-AD-13135903/?Cr=448,"$110,000*","29,009 km",Sedan,Automatic,6cyl 2.9L Turbo Petrol,NSW
333,2004 Alfa Romeo 156 V6 Auto MY04,/cars/details/2004-alfa-romeo-156-v6-auto-my04/SSE-AD-12433260/?Cr=449,"$9,500*","122,311 km",Sedan,Automatic,6cyl 2.5L Petrol,NSW
334,2007 Alfa Romeo 159 JTD Auto,/cars/details/2007-alfa-romeo-159-jtd-auto/SSE-AD-12785158/?Cr=450,"$7,888*","143,000 km",Sedan,Automatic,4cyl 1.9L Turbo Diesel,ACT
335,2004 Alfa Romeo 147 GTA Manual,/cars/details/2004-alfa-romeo-147-gta-manual/SSE-AD-13216151/?Cr=451,"$35,000*","67,000 km",Hatch,Manual,6cyl 3.2L Petrol,QLD
336,2004 Alfa Romeo Spider JTS Manual MY04,/cars/details/2004-alfa-romeo-spider-jts-manual-my04/SSE-AD-12633795/?Cr=452,"$10,500*","111,400 km",Convertible,Manual,4cyl 2.0L Petrol,NSW
337,2009 Alfa Romeo GT JTS Manual,/cars/details/2009-alfa-romeo-gt-jts-manual/SSE-AD-12776663/?Cr=453,"$10,000*","145,754 km",Coupe,Manual,4cyl 2.0L Petrol,VIC
338,2011 Alfa Romeo Brera 1750 TBi Manual MY11,/cars/details/2011-alfa-romeo-brera-1750-tbi-manual-my11/SSE-AD-13216391/?Cr=454,"$45,000*","43,594 km",Coupe,Manual,4cyl 1.7L Turbo Petrol,NSW
339,2018 Alfa Romeo Giulia Veloce Auto,/cars/details/2018-alfa-romeo-giulia-veloce-auto/SSE-AD-12825300/?Cr=455,"$60,000*","13,735 km",Sedan,Automatic,4cyl 2.0L Turbo Petrol,VIC
340,1970 Alfa Romeo 1750 GT Veloce Manual,/cars/details/1970-alfa-romeo-1750-gt-veloce-manual/SSE-AD-12181806/?Cr=456,"$92,000*","18,196 km",Coupe,Manual,4cyl 1750L Petrol,WA
341,1969 Alfa Romeo 1750 GT Veloce Manual,/cars/details/1969-alfa-romeo-1750-gt-veloce-manual/SSE-AD-12598851/?Cr=457,"$68,444*","84,800 km",Coupe,Manual,4cyl 1750L Petrol,NSW
342,2009 Alfa Romeo MiTo Sport Manual,/cars/details/2009-alfa-romeo-mito-sport-manual/SSE-AD-13071749/?Cr=458,"$13,000*","222,000 km",Hatch,Manual,4cyl 1.4L Turbo Petrol,NSW
343,2006 Alfa Romeo GT Manual,/cars/details/2006-alfa-romeo-gt-manual/SSE-AD-12853931/?Cr=459,"$24,000*","118,500 km",Coupe,Manual,6cyl 3.2L Petrol,WA
344,2013 Alfa Romeo Giulietta Distinctive Auto MY12,/cars/details/2013-alfa-romeo-giulietta-distinctive-auto-my12/SSE-AD-12909313/?Cr=460,"$12,600*","75,000 km",Hatch,Automatic,4cyl 1.4L Turbo Petrol,NSW
345,1974 Alfa Romeo 2000 GT Veloce Manual,/cars/details/1974-alfa-romeo-2000-gt-veloce-manual/SSE-AD-12959104/?Cr=461,"$89,500*","92,500 km",Coupe,Manual,4cyl 2000L Petrol,WA
346,1972 Alfa Romeo Giulia Super Manual,/cars/details/1972-alfa-romeo-giulia-super-manual/SSE-AD-13226803/?Cr=462,"$63,000*","100,000 km",Sedan,Manual,4cyl 1600L Petrol,VIC
347,2007 Alfa Romeo Brera JTS Manual,/cars/details/2007-alfa-romeo-brera-jts-manual/SSE-AD-12908229/?Cr=463,"$13,500*","135,000 km",Coupe,Manual,4cyl 2.2L Petrol,NSW
348,2021 Alfa Romeo Stelvio Veloce Auto AWD MY21,/cars/details/2021-alfa-romeo-stelvio-veloce-auto-awd-my21/SSE-AD-12995567/?Cr=464,"$84,888*","10,911 km",SUV,Automatic,4cyl 2.0L Turbo Petrol,SA
349,1987 Alfa Romeo Sprint Veloce Manual,/cars/details/1987-alfa-romeo-sprint-veloce-manual/SSE-AD-12349192/?Cr=465,"$25,000*","105,000 km",Coupe,Manual,4cyl 1.5L Petrol,NSW
350,2021 Alfa Romeo 4C 33 Stradale Tributo Auto,/cars/details/2021-alfa-romeo-4c-33-stradale-tributo-auto/SSE-AD-12230497/?Cr=466,"$206,000*",28 km,Coupe,Automatic,4cyl 1.7L Turbo Petrol,VIC
351,2017 Alfa Romeo Stelvio First Edition Auto AWD,/cars/details/2017-alfa-romeo-stelvio-first-edition-auto-awd/SSE-AD-13218793/?Cr=467,"$51,750*","79,348 km",SUV,Automatic,4cyl 2.2L Turbo Diesel,VIC
352,2012 Alfa Romeo Giulietta Distinctive JTD-M Auto MY12,/cars/details/2012-alfa-romeo-giulietta-distinctive-jtd-m-auto-my12/SSE-AD-13209858/?Cr=468,"$15,999*","85,958 km",Hatch,Automatic,4cyl 2.0L Turbo Diesel,VIC
353,2007 Alfa Romeo Brera JTS Manual,/cars/details/2007-alfa-romeo-brera-jts-manual/SSE-AD-11857283/?Cr=469,"$18,000*","112,440 km",Coupe,Manual,4cyl 2.2L Petrol,NSW
354,2016 Alfa Romeo Giulietta Veloce Auto,/cars/details/2016-alfa-romeo-giulietta-veloce-auto/SSE-AD-13193316/?Cr=470,"$29,990*","24,450 km",Hatch,Automatic,4cyl 1.75L Turbo Petrol,VIC
355,2007 Alfa Romeo Brera V6 Manual,/cars/details/2007-alfa-romeo-brera-v6-manual/SSE-AD-12313085/?Cr=471,"$47,000*","48,000 km",Coupe,Manual,6cyl 3.2L Petrol,NSW
356,1985 Alfa Romeo Giulietta Manual,/cars/details/1985-alfa-romeo-giulietta-manual/SSE-AD-12880239/?Cr=472,"$12,000*","175,347 km",Sedan,Manual,4cyl 2.0L Petrol,NSW
357,1999 Alfa Romeo 166 Auto,/cars/details/1999-alfa-romeo-166-auto/SSE-AD-12947547/?Cr=473,"$14,900*","112,000 km",Sedan,Automatic,6cyl 3.0L Petrol,VIC
358,2016 Alfa Romeo Giulia Veloce Auto,/cars/details/2016-alfa-romeo-giulia-veloce-auto/SSE-AD-12874366/?Cr=474,"$47,000*","65,970 km",Sedan,Automatic,4cyl 2.0L Turbo Petrol,QLD
359,2013 Alfa Romeo Giulietta Progression Manual MY13,/cars/details/2013-alfa-romeo-giulietta-progression-manual-my13/SSE-AD-12499655/?Cr=475,"$13,500*","89,323 km",Hatch,Manual,4cyl 1.4L Turbo Petrol,QLD
360,2001 Alfa Romeo 147 Twin Spark Manual MY02,/cars/details/2001-alfa-romeo-147-twin-spark-manual-my02/SSE-AD-13150624/?Cr=476,"$2,600*","186,731 km",Hatch,Manual,4cyl 2.0L Petrol,VIC
361,2010 Alfa Romeo GT 100th Anniversary Manual,/cars/details/2010-alfa-romeo-gt-100th-anniversary-manual/SSE-AD-13180803/?Cr=477,"$37,500*","95,000 km",Coupe,Manual,6cyl 3.2L Petrol,NSW
362,2015 Alfa Romeo Giulietta Quadrifoglio Verde Auto,/cars/details/2015-alfa-romeo-giulietta-quadrifoglio-verde-auto/SSE-AD-13174168/?Cr=478,"$27,990*","50,000 km",Hatch,Automatic,4cyl 1.8L Turbo Petrol,NSW
363,2000 Alfa Romeo Spider Twin Spark Luxury Manual,/cars/details/2000-alfa-romeo-spider-twin-spark-luxury-manual/SSE-AD-12711865/?Cr=479,"$18,800*","69,000 km",Convertible,Manual,4cyl 2.0L Petrol,NSW
364,2011 Alfa Romeo MiTo QV Manual MY10,/cars/details/2011-alfa-romeo-mito-qv-manual-my10/SSE-AD-12899517/?Cr=480,"$9,500*","104,000 km",Hatch,Manual,4cyl 1.4L Turbo Petrol,NSW
365,1979 Alfa Romeo Alfetta GTV 2000L Manual,/cars/details/1979-alfa-romeo-alfetta-gtv-2000l-manual/SSE-AD-12193600/?Cr=481,"$42,000*","75,000 km",Coupe,Manual,4cyl 2.0L Petrol,SA
366,2004 Alfa Romeo Spider V6 Manual MY04,/cars/details/2004-alfa-romeo-spider-v6-manual-my04/SSE-AD-12934323/?Cr=482,"$30,000*","140,000 km",Convertible,Manual,6cyl 3.2L Petrol,NSW
367,2011 Alfa Romeo Giulietta QV Manual,/cars/details/2011-alfa-romeo-giulietta-qv-manual/SSE-AD-12853133/?Cr=483,"$17,500*","84,000 km",Hatch,Manual,4cyl 1.7L Turbo Petrol,WA
368,2019 Alfa Romeo Giulietta Super Auto,/cars/details/2019-alfa-romeo-giulietta-super-auto/SSE-AD-12777483/?Cr=484,"$37,500*","18,500 km",Hatch,Automatic,4cyl 1.4L Turbo Petrol,WA
369,2019 Alfa Romeo Giulietta Veloce Auto,/cars/details/2019-alfa-romeo-giulietta-veloce-auto/SSE-AD-12521470/?Cr=485,"$40,000*","22,205 km",Hatch,Automatic,4cyl 1.75L Turbo Petrol,SA
370,2005 Alfa Romeo 166 Auto MY04,/cars/details/2005-alfa-romeo-166-auto-my04/SSE-AD-12691452/?Cr=486,"$10,000*","85,000 km",Sedan,Automatic,6cyl 3.0L Petrol,QLD
371,2003 Alfa Romeo Spider JTS Manual MY04,/cars/details/2003-alfa-romeo-spider-jts-manual-my04/SSE-AD-12832166/?Cr=487,"$42,000*","12,000 km",Convertible,Manual,4cyl 2.0L Petrol,NSW
372,1983 Alfa Romeo Alfetta GTV6 Manual,/cars/details/1983-alfa-romeo-alfetta-gtv6-manual/SSE-AD-7123717/?Cr=488,"$40,000*","99,999 km",Coupe,Manual,6cyl 2.5L Petrol,NSW
373,2015 Alfa Romeo MiTo QV Manual,/cars/details/2015-alfa-romeo-mito-qv-manual/SSE-AD-12496129/?Cr=489,"$19,000*","42,000 km",Hatch,Manual,4cyl 1.4L Turbo Petrol,NSW
374,1968 Alfa Romeo 1750 GT Veloce Manual,/cars/details/1968-alfa-romeo-1750-gt-veloce-manual/SSE-AD-12759692/?Cr=490,"$130,000*","99,999 km",Coupe,Manual,4cyl 1750L Petrol,VIC
375,2005 Alfa Romeo GT Manual,/cars/details/2005-alfa-romeo-gt-manual/SSE-AD-7220118/?Cr=491,"$19,999*","115,000 km",Coupe,Manual,6cyl 3.2L Petrol,QLD
376,2014 Alfa Romeo Giulietta Progression Manual,/cars/details/2014-alfa-romeo-giulietta-progression-manual/SSE-AD-12820148/?Cr=492,"$10,000*","169,000 km",Hatch,Manual,4cyl 1.4L Turbo Petrol,NSW
377,2013 Alfa Romeo Giulietta Distinctive Manual MY13,/cars/details/2013-alfa-romeo-giulietta-distinctive-manual-my13/SSE-AD-13121559/?Cr=493,"$14,000*","68,197 km",Hatch,Manual,4cyl 1.4L Turbo Petrol,VIC
378,2018 Alfa Romeo Giulietta Veloce Auto,/cars/details/2018-alfa-romeo-giulietta-veloce-auto/SSE-AD-12504321/?Cr=494,"$39,990*","29,385 km",Hatch,Automatic,4cyl 1.75L Turbo Petrol,VIC
379,2009 Alfa Romeo MiTo Manual,/cars/details/2009-alfa-romeo-mito-manual/SSE-AD-12662738/?Cr=495,"$4,900*","179,000 km",Hatch,Manual,4cyl 1.4L Turbo Petrol,VIC
380,2015 Alfa Romeo Giulietta Quadrifoglio Verde Auto,/cars/details/2015-alfa-romeo-giulietta-quadrifoglio-verde-auto/SSE-AD-12025963/?Cr=496,"$29,890*","92,180 km",Hatch,Automatic,4cyl 1.8L Turbo Petrol,VIC
381,2012 Alfa Romeo MiTo QV Manual MY12,/cars/details/2012-alfa-romeo-mito-qv-manual-my12/SSE-AD-7315482/?Cr=497,"$12,000*","99,999 km",Hatch,Manual,4cyl 1.4L Turbo Petrol,SA
382,2008 Alfa Romeo Brera JTS Selespeed Auto,/cars/details/2008-alfa-romeo-brera-jts-selespeed-auto/SSE-AD-13091218/?Cr=498,"$16,900*","151,150 km",Coupe,Automatic,4cyl 2.2L Petrol,VIC
383,2013 Alfa Romeo Giulietta Progression Manual MY13,/cars/details/2013-alfa-romeo-giulietta-progression-manual-my13/SSE-AD-12614788/?Cr=499,"$9,000*","212,509 km",Hatch,Manual,4cyl 1.4L Turbo Petrol,VIC
384,2014 Alfa Romeo Giulietta QV Manual,/cars/details/2014-alfa-romeo-giulietta-qv-manual/SSE-AD-13093974/?Cr=500,"$16,500*","142,000 km",Hatch,Manual,4cyl 1.7L Turbo Petrol,VIC
385,2007 Alfa Romeo 159 JTS Manual,/cars/details/2007-alfa-romeo-159-jts-manual/SSE-AD-12171273/?Cr=501,"$7,500*","197,000 km",Wagon,Manual,4cyl 2.2L Petrol,SA
386,1985 Alfa Romeo Giulietta Manual,/cars/details/1985-alfa-romeo-giulietta-manual/SSE-AD-12160111/?Cr=502,"$19,500*","5,000 km",Sedan,Manual,4cyl 2.0L Petrol,ACT
387,2008 Alfa Romeo 159 JTS Ti Auto,/cars/details/2008-alfa-romeo-159-jts-ti-auto/SSE-AD-11870713/?Cr=503,"$11,000*","228,000 km",Wagon,Automatic,6cyl 3.2L Petrol,NSW
